name,actor_id,gender,character,actor_popularity,movie_id
Everett McGill,5616.0,2.0,Naoh,1.235,62204
Ron Perlman,2372.0,2.0,Amoukar,16.284,62204
Nicholas Kadi,152970.0,2.0,Gaw,0.996,62204
Rae Dawn Chong,13312.0,1.0,Ika,2.701,62204
Gary Schwartz,184330.0,2.0,Rouka - tribu Ulam,0.694,62204
Naseer El-Kadi,1336078.0,0.0,Nam - tribu Ulam,0.6,62204
Franck-Olivier Bonnet,578093.0,2.0,Aghoo - tribu Ulam,0.84,62204
Jean-Michel Kindt,1336080.0,2.0,Lakar - tribu Ulam,0.694,62204
Kurt Schiegl,1195963.0,2.0,Faum - tribu Ulam,0.6,62204
Brian Gillin,1282685.0,0.0,Modoc - tribu Ulam,0.6,62204
Terry Fitt,1336082.0,0.0,Hourk - tribu Ulam,0.6,62204
Bibi Caspari,1336083.0,0.0,Gammla - tribu Ulam,0.6,62204
Peter Elliott,536274.0,2.0,Mikr - tribu Ulam,0.6,62204
Michelle Leduc,1336085.0,0.0,Matr - tribu Ulam,0.6,62204
Robert Lavoie,1336086.0,0.0,Tsor - tribu Ulam,0.6,62204
Christian Benard,1336088.0,0.0,Umbre - tribu Ulam,0.6,62204
Tarlok Sing Seva,1336089.0,0.0,Tavawa - tribu Ivaka,0.6,62204
Lolamal Kapisisi,1336092.0,0.0,La faiseur de feu - tribu Ivaka,0.6,62204
Matt Birman,72117.0,2.0,Morah - tribu Ulam,0.6,62204
Joy Boushel,57626.0,1.0,Ulam Tribe Member,2.722,62204
Sasha Grey,74251.0,1.0,Cavegirl,25.88,14641
David Carradine,141.0,2.0,Mookoo,3.903,14641
Carol Alt,52087.0,1.0,Queen Fallopia,1.4,14641
Talia Shire,3094.0,1.0,Ishbo's Mother,5.285,14641
Adam Rifkin,50583.0,2.0,Ishbo,0.98,14641
Ali Larter,17303.0,1.0,Fardart,12.144,14641
Hayes MacArthur,74930.0,2.0,Thudnik,1.4,14641
Gary Busey,2048.0,2.0,Krutz,6.31,14641
Ron Jeremy,42545.0,2.0,Oog,15.629,14641
Nick Krause,931945.0,2.0,Young Thudnik,3.151,14641
Derek Southers,1375034.0,0.0,Binadrak's Chief,0.972,14641
Steven Strait,54815.0,2.0,D’Leh,5.771,7840
Camilla Belle,38670.0,1.0,Evolet,4.652,7840
Cliff Curtis,7248.0,2.0,Tic-Tic,4.144,7840
Nathanael Baring,54805.0,0.0,Baku,1.284,7840
Mo Zinal,54806.0,2.0,Ka’Ren,0.61,7840
Affif Ben Badra,54807.0,2.0,Warlord,4.673,7840
Mona Hammond,54808.0,1.0,Old Mother,2.268,7840
Marco Khan,54809.0,2.0,One-Eye,0.781,7840
Reece Ritchie,54810.0,2.0,Moha,1.22,7840
Joel Fry,54811.0,2.0,Lu’Kibu,12.03,7840
Joel Virgel,143647.0,2.0,Nakudu,1.02,7840
Omar Sharif,5004.0,2.0,Narrator (voice),4.995,7840
Kristian Beazley,964350.0,2.0,D’Leh’s Father,0.6,7840
Junior Oliphant,964351.0,2.0,Tudu,0.6,7840
Louise Tu'u,1080044.0,1.0,Baku's Mother,0.6,7840
Jacob Renton,1080045.0,2.0,Young D’Leh,0.6,7840
Grayson Hunt Urwin,1080046.0,1.0,Young Evolet,0.764,7840
Farouk Valley-Omar,953772.0,2.0,High Priest,1.854,7840
Boubacar Babiane,1080047.0,2.0,Quina,0.6,7840
Joe Vaz,137463.0,2.0,Chief of Guards,0.6,7840
Charles Baloyi,1606770.0,2.0,Gatto,0.6,7840
Tim Barlow,79875.0,2.0,Pyramid God,1.425,7840
Gabriel Malema,35982.0,2.0,Kawu,0.6,7840
Mark Simmons,1606771.0,2.0,Sono,0.6,7840
Hannah Westbury,1606772.0,1.0,Cala,0.6,7840
Antonio Fisher,1606773.0,2.0,Young Priest #1,0.6,7840
Steven Afrikaner,1606774.0,2.0,Young Priest #2,0.6,7840
David Dennis,107754.0,2.0,Slave Guard #1,0.694,7840
Tony Caprari,120084.0,2.0,Slave Guard #2,0.747,7840
Matthew Navin,1606784.0,2.0,Young Ka’ren,0.6,7840
Nimiah Rodgers,1606785.0,0.0,Young Moha,0.6,7840
Kolby Pistak,1606786.0,0.0,Young Lu’Kibu,0.6,7840
Ben Hart,1606788.0,2.0,Young Hunter,0.6,7840
Ben Coyle-Larner,1606789.0,2.0,Young Hunter,1.4,7840
Joshua Peters,1606790.0,2.0,Young Hunter,0.6,7840
Heberth Somaeb,1606791.0,2.0,River Tribe Chief,0.6,7840
Sadrag Nakale,1606792.0,0.0,Old Hunter,0.6,7840
Mykhail Cohen,1606793.0,0.0,Young Child,0.6,7840
Janine Manuel,1606794.0,0.0,Young Child,0.6,7840
Kabelo Murray,1606795.0,0.0,Young Child,0.6,7840
Andrew Stehlin,1200415.0,2.0,Mammoth Hunter (uncredited),1.103,7840
Suri van Sornsen,1606796.0,1.0,Captured Mammoth Villager (uncredited),0.6,7840
Victor Webster,1215144.0,2.0,Mathayus,3.415,78049
Bostin Christopher,102996.0,2.0,Olaf,1.4,78049
Temuera Morrison,7242.0,2.0,Ramusan,6.642,78049
Krystal Vee,553565.0,1.0,Silda,3.14,78049
Selina Lo,115500.0,1.0,Tsukai,1.712,78049
Ron Perlman,2372.0,2.0,Horus,16.284,78049
Kimbo Slice,78456.0,2.0,Zulu Kondo,2.109,78049
Dave Bautista,543530.0,2.0,Argomael,13.632,78049
Billy Zane,1954.0,2.0,Talus,15.823,78049
Johann Helf,205888.0,2.0,Hathor,0.6,78049
Geoffrey Giuliano,94381.0,2.0,Siris,0.732,78049
Tanapol Chuksrida,94387.0,2.0,Ramusan Guard (as Tanapon Chuksrida),2.282,78049
J.D. Hall,154233.0,2.0,Narrator (voice),1.116,78049
Stephane Lambert,1272268.0,0.0,Horus's Messenger,0.6,78049
Damian Mavis,1290458.0,0.0,Talus Soldier,1.383,78049
Jason Pace,1231272.0,2.0,Rohtah,0.6,78049
Dean Alexandrou,94384.0,2.0,Head Assassin (uncredited),0.6,78049
Bruce Blain,1285611.0,0.0,Roman Soldier (uncredited),0.84,78049
Josiah D. Lee,64374.0,2.0,"Ninja (voice, uncredited)",0.98,78049
Kelly Hu,11024.0,1.0,The Sorceress (uncredited),6.211,78049
Jean Simmons,14500.0,1.0,Merit,8.031,24973
Victor Mature,30290.0,2.0,Horemheb,4.803,24973
Gene Tierney,20124.0,1.0,Baketamon,3.992,24973
Peter Ustinov,14501.0,2.0,Kaptah,3.734,24973
Edmund Purdom,26155.0,2.0,Sinuhe,1.996,24973
Michael Wilding,20392.0,2.0,Akhnaton,1.4,24973
Bella Darvi,92930.0,1.0,Nefer,0.84,24973
Judith Evelyn,7686.0,1.0,Taia,0.84,24973
Henry Daniell,10924.0,2.0,Mekere,1.708,24973
John Carradine,8516.0,2.0,Grave Robber,2.978,24973
Carl Benton Reid,81180.0,2.0,Senmut,2.04,24973
Tommy Rettig,20099.0,2.0,Thoth,1.4,24973
Anitra Stevens,1382707.0,1.0,Queen Nefertiti,0.6,24973
Michael Ansara,16074.0,2.0,Hittite Commander (uncredited),2.445,24973
Henry Corden,106102.0,2.0,Hittite Officer (uncredited),1.097,24973
Mady Comfort,1747651.0,0.0,Egyptian Female,0.6,24973
Richard Allan,38238.0,2.0,Student in School of Life,0.6,24973
Sharon Jan Altman,1747652.0,1.0,Princess,0.6,24973
Rama Bai,1671997.0,0.0,Citizen,0.6,24973
Don Bender,1747653.0,0.0,Boy,0.6,24973
Don Blackman,976235.0,2.0,Nubian Prince,0.98,24973
Geraldine Bogdonovich,1747654.0,1.0,Tavern Waitress,0.6,24973
Brad Brown,1747655.0,0.0,Palace Soldier,0.6,24973
George Bruggeman,1421080.0,2.0,Soldier,1.014,24973
George Chester,1747656.0,0.0,Nubian Guard,0.6,24973
Angela Clarke,89215.0,1.0,Kipa,0.84,24973
Edmund Cobb,43836.0,2.0,Patient,1.128,24973
Karl 'Killer' Davis,1135034.0,0.0,Libyan Guard,0.6,24973
Carmen De Lavallade,96735.0,1.0,Egyptian Dancer,0.6,24973
Alvin Burke Deer,1747657.0,0.0,Boy,0.6,24973
James Dime,1152705.0,2.0,Soldier,1.4,24973
Franco Fantasia,33820.0,2.0,Hittite Officer,1.4,24973
Dede Gainor,1747658.0,1.0,Princess,0.6,24973
Aurello Galli,1747659.0,0.0,Boy,0.6,24973
John George,97999.0,2.0,Man in Street (uncredited),0.654,24973
Mimi Gibson,16762.0,1.0,Princess,0.799,24973
Michael Granger,83912.0,2.0,Officer,1.22,24973
Yeghishe Harout,1747660.0,0.0,Syrian at Nefer's,0.6,24973
Lars Hensen,1507184.0,2.0,Citizen,1.4,24973
Kay Koury,1747661.0,1.0,Citizen,0.6,24973
Paul Kruger,119486.0,2.0,High Priest,0.728,24973
Ian MacDonald,4074.0,2.0,Ship's Captain,1.216,24973
Tyler MacDuff,111488.0,2.0,Cadet,0.6,24973
Tiger Joe Marsh,1747678.0,2.0,Libyan Guard,0.98,24973
Donna Martell,94991.0,1.0,Lady in Waiting,0.84,24973
Mike Mazurki,84229.0,2.0,"Foreman, House of Death",2.424,24973
George Melford,931194.0,2.0,Priest,0.98,24973
John Mooney,1155980.0,2.0,Officer,0.6,24973
Wilma Reid,1747680.0,1.0,Nefer's Maid,0.6,24973
Peter Reynolds,1747681.0,2.0,Sinuhe - Age 10,0.6,24973
John Roy,1462194.0,2.0,Servant,0.6,24973
Lawrence Ryle,106505.0,0.0,Priest,0.6,24973
Paul Salata,1024978.0,0.0,Egyptian Official,0.6,24973
Harry Shearer,6008.0,2.0,Boy,3.399,24973
Ray Spiker,30515.0,0.0,Soldier,1.4,24973
Saye Sumi,1747682.0,1.0,Nefer's Maid,0.6,24973
Harry Thompson,1747686.0,0.0,Nubian,0.6,24973
Alice Tissot,553634.0,1.0,Old Woman Near the House of Death,1.38,24973
Joan Winfield,133459.0,1.0,Governess,0.6,24973
Jeanne Crain,82170.0,1.0,Nefertiti,1.642,77971
Vincent Price,1905.0,2.0,Benakon,3.987,77971
Edmund Purdom,26155.0,2.0,Tumos,1.996,77971
Amedeo Nazzari,31989.0,2.0,Amenophis IV,1.094,77971
Liana Orfei,32378.0,1.0,Merith,1.418,77971
Carlo D'Angelo,56729.0,0.0,Seper,1.566,77971
Alberto Farnese,262301.0,2.0,Dakim,0.702,77971
Clelia Matania,14147.0,1.0,Penaba,1.4,77971
Giulio Marchetti,52663.0,2.0,Meck,0.6,77971
Piero Palermini,98787.0,2.0,Nagor,0.6,77971
Umberto Raho,25816.0,2.0,"Zeton, Priest",0.6,77971
Raf Baldassarre,50782.0,2.0,Mareb,1.38,77971
Anton Lesser,27397.0,2.0,Troilus,2.448,119913
Suzanne Burden,1220058.0,0.0,Cressida,0.6,119913
Charles Gray,10074.0,2.0,Pandarus,1.785,119913
Benjamin Whitrow,84927.0,2.0,Ulysses,1.293,119913
John Shrapnel,940.0,2.0,Hector,1.62,119913
Tony Steedman,18360.0,2.0,Aeneas,1.788,119913
Max Harvey,1832277.0,2.0,Alexander,0.6,119913
Geoffrey Chater,153196.0,2.0,Nestor,0.6,119913
Bernard Brown,1855466.0,2.0,Menelaus,0.6,119913
Kenneth Haigh,53817.0,2.0,Achilles,1.4,119913
Jack Birkett,1118426.0,2.0,Thersites,0.694,119913
Vernon Dobtcheff,649.0,2.0,Agamemnon,3.274,119913
Peter Walmsley,1855471.0,0.0,Servant to Troilus,0.6,119913
Simon Cutter,1855472.0,0.0,Patrocles,0.6,119913
Esmond Knight,56875.0,2.0,Priam,2.112,119913
Anthony Pedley,26672.0,0.0,Ajax,0.6,119913
Elayne Sharling,1855476.0,0.0,Cassandra,0.6,119913
Paul Moriarty,1229473.0,2.0,Diomedes,0.6,119913
Ann Pennington,1242021.0,0.0,Helen,0.6,119913
Peter Whitbread,1221504.0,0.0,Calchas,0.6,119913
David Kinsey,1583248.0,0.0,Servant to Paris,0.6,119913
Merelina Kendall,1222024.0,1.0,Andromache,0.63,119913
Cornelius Garrett,1356275.0,0.0,Margarelon,0.6,119913
Tony Portacio,1229038.0,0.0,Helenus,0.6,119913
Peter J. Cassell,1100770.0,0.0,Deiphobus,0.6,119913
Harry Fielder,202402.0,2.0,Fighting Man,0.6,119913
Ben Kingsley,2282.0,2.0,Moses,6.554,2719
Frank Langella,8924.0,2.0,Pharao Mernefta,4.902,2719
Christopher Lee,113.0,2.0,Pharao Ramses,6.274,2719
Anna Galiena,27391.0,1.0,Ptira,1.001,2719
Anita Zagaria,27394.0,1.0,Jochebet,1.96,2719
Enrico Lo Verso,27392.0,2.0,Josua,1.042,2719
Philippe Leroy,25333.0,2.0,Tuntmin,1.4,2719
David Suchet,20277.0,2.0,Aaron,5.162,2719
Geraldine McEwan,8326.0,1.0,Mirjam,1.503,2719
Maurice Roëves,54.0,2.0,Zerak,1.45,2719
Anthony Higgins,660.0,2.0,Korah,2.38,2719
Dudley Sutton,27393.0,2.0,Hoherpriester,0.62,2719
Philip Stone,694.0,2.0,Jitro,2.719,2719
Federico Pacifici,27395.0,2.0,Hur,0.98,2719
Sônia Braga,27396.0,1.0,Zippora,1.631,2719
Anton Lesser,27397.0,2.0,Eliav,2.448,2719
Urbano Barberini,27398.0,2.0,Nachbi,0.6,2719
Paolo Calabresi,27399.0,2.0,Palti,1.96,2719
Riccardo Salerno,27400.0,2.0,Kaleb,0.6,2719
Bruno Bilotta,27401.0,2.0,Aufseher,1.527,2719
Lawrence Blight,27402.0,2.0,Moses als Kind,0.6,2719
Christian Ashton,27403.0,2.0,Pharao Mernefta als Kind,0.6,2719
Christian Catuogno,27404.0,2.0,Moses als Heranwachsender,0.6,2719
Daniel Wilson,27405.0,2.0,Pharao Mernefta als Heranwachsender,0.6,2719
Florian Fitz,27406.0,2.0,Ehemann,1.166,2719
Soumaya Harris,27407.0,0.0,Ai,0.6,2719
Mark Lewis,27408.0,2.0,Wache,0.6,2719
Bruce Lidington,24732.0,2.0,Mann in Kadesch,1.38,2719
Loris Loddi,7196.0,2.0,Kampfsportlehrer,1.4,2719
Jacqueline Lustig,27409.0,1.0,Ptiras Dienerin,1.008,2719
Justine Midda,27410.0,0.0,Batim,0.6,2719
Stefania Montorsi,27411.0,1.0,Mutter,1.4,2719
Benito Pacifico,27412.0,2.0,Mann # 1,1.62,2719
Franco Maria Salamon,15911.0,2.0,Mann # 2,1.467,2719
Claudio Pacifico,15913.0,0.0,Bruder,0.788,2719
Vincent Riotta,26669.0,2.0,Midan,3.51,2719
Imane Soussi,27413.0,0.0,Mirjam als Kind,0.6,2719
Sarah Thomas,27414.0,1.0,Hebamme,0.6,2719
Amy Werba,27415.0,1.0,Pharao Merneftas Frau,0.6,2719
Robert Willox,27416.0,0.0,Feldherr,0.6,2719
Timur Yusef,24617.0,2.0,Junge am Berg Sinai,0.694,2719
Aziz Janah,27417.0,0.0,Mann am Roten Meer,0.6,2719
Katharine Hepburn,6598.0,1.0,Hecuba,1.481,47446
Vanessa Redgrave,13333.0,1.0,Andromache,8.355,47446
Geneviève Bujold,35341.0,1.0,Cassandra,3.804,47446
Irene Papas,18847.0,1.0,Helen,4.005,47446
Patrick Magee,2264.0,2.0,Menelaus,1.38,47446
Brian Blessed,8318.0,2.0,Talthybius,2.778,47446
Alberto Sanz,2334179.0,0.0,Astyanax,0.6,47446
Pauline Letts,1628643.0,1.0,Woman,0.6,47446
Rosalind Shanks,1298084.0,0.0,Woman,1.38,47446
Pat Beckett,1524887.0,0.0,Woman (as Pat Becket),0.6,47446
Anna Bentinck,1276663.0,0.0,Woman,0.6,47446
Elsie Pittas,2334180.0,0.0,Woman (as Ersie Pittas),0.6,47446
Esmeralda Adam García,1169601.0,0.0,Woman (as Esmeralda Adam),0.6,47446
Esperanza Alonso,1472205.0,0.0,Woman,0.6,47446
María García Alonso,2334181.0,0.0,Woman (as Maria G. Alonso),0.6,47446
Nilda Álvarez,2334182.0,0.0,Woman (as Nilda Alvarez),0.6,47446
Adela Armengol,2334184.0,0.0,Woman,0.6,47446
Victoria Ayllón,2024087.0,0.0,Woman,0.6,47446
Gloria Berrocal,1691397.0,1.0,Woman,0.6,47446
Elizabeth Billencourt,2334185.0,0.0,Woman (as E. Billencourt),0.6,47446
Maria Borge,2187741.0,0.0,Woman,0.6,47446
Margarita Calahorra,1007624.0,1.0,Woman (as M. Calahora),0.6,47446
Elena Castillo,2334186.0,0.0,Woman,0.6,47446
Renee Eber,2334187.0,0.0,Woman,0.6,47446
Ana María Espejo,2007128.0,0.0,Woman (as Anna M. Espejo),0.6,47446
Katie Ellyson,2334188.0,0.0,Woman,0.6,47446
María Jesús Hoyos,1092032.0,1.0,Woman (as Maria J. Hoyos),1.93,47446
Gwen Kocsis,2334189.0,0.0,Woman,0.6,47446
Concha Leza,1315599.0,0.0,Woman (as Conchita Leza),0.6,47446
Maureen Mallall,2334190.0,0.0,Woman,0.6,47446
Margarita Matta,1678275.0,0.0,Woman,0.6,47446
Ivi Mavridi,2334191.0,0.0,Woman,0.6,47446
Mirta Miller,46426.0,1.0,Woman,0.98,47446
Livia Mitchell,2334192.0,0.0,Woman,0.6,47446
Conchita Morales,1500259.0,0.0,Woman,0.6,47446
Emilia Pittas,2334193.0,0.0,Woman,0.6,47446
Catherine Rabone,2334194.0,0.0,Woman,0.6,47446
Yvette Rees,119742.0,0.0,Woman,0.6,47446
Clara Sanchiz,2334195.0,0.0,Woman,0.6,47446
Carmen Segarra,1331707.0,1.0,Woman,0.6,47446
Maria Farantouri,2334196.0,1.0,Singer,0.6,47446
Dan van Husen,12768.0,2.0,Soldier (uncredited),0.69,47446
L. Zarrabeitia,2334197.0,0.0,Woman,0.6,47446
Mark Forest,980234.0,0.0,Arian,0.98,211139
Yvonne Furneaux,5962.0,1.0,Helen of Troy,1.154,211139
Massimo Serato,14148.0,2.0,Tutmes,1.4,211139
Pierre Cressoy,49898.0,2.0,Ramses,1.48,211139
Nerio Bernardi,99530.0,2.0,Xesostus,1.473,211139
Rosalba Neri,30664.0,1.0,Nais,3.429,211139
Carlo Tamberlani,37784.0,2.0,Menophis,0.98,211139
Gordon Mitchell,30898.0,2.0,Achilles,1.96,81409
Jacques Bergerac,151651.0,2.0,Hector,0.84,81409
Mario Petri,128243.0,2.0,Agamemnon,0.997,81409
Cristina Gaïoni,237623.0,1.0,Xenia,0.995,81409
Ennio Girolami,128674.0,2.0,Patroclus,0.67,81409
Gloria Milland,45034.0,1.0,Briseis,1.932,81409
Eleonora Bianchi,237380.0,1.0,Chryseis,1.388,81409
Edith Peters,67969.0,1.0,Nubian Slave,0.6,81409
Tina Gloriani,1179796.0,1.0,Andromace,1.38,81409
Piero Lulli,45035.0,2.0,Odysseus,2.776,81409
Erminio Spalla,1430285.0,0.0,Nestor,0.6,81409
Nando Tamberlani,98789.0,0.0,Cressus,0.6,81409
Remo De Angelis,52999.0,2.0,Wrestler,1.4,81409
Gian Paolo Rosmino,1211167.0,2.0,Kalkantes (as Giampaolo Rosmino),0.6,81409
Romano Ghini,544210.0,0.0,Sarpedon,0.6,81409
Manfred Freyberger,1608792.0,2.0,,0.6,81409
Maria Laura Rocca,98793.0,1.0,(as Laura Rocca),1.38,81409
Anita Todesco,114421.0,1.0,Servant to Briseis,0.6,81409
Gina Mascetti,1074069.0,1.0,Cressida,1.092,81409
Dada Gallotti,31548.0,1.0,(as Alda Gallotti),0.766,81409
Fosco Giachetti,33471.0,0.0,Priamos,0.98,81409
Roberto Risso,45189.0,2.0,Paris,0.6,81409
Charlton Heston,10017.0,2.0,Moses,8.048,6844
Yul Brynner,14528.0,2.0,Rameses,3.211,6844
Anne Baxter,10606.0,1.0,Nefretiri,4.893,6844
Edward G. Robinson,13566.0,2.0,Dathan,2.731,6844
Yvonne De Carlo,41240.0,1.0,Sephora,6.41,6844
Debra Paget,48958.0,1.0,Lilia,3.429,6844
John Derek,39608.0,0.0,Joshua,3.727,6844
Cedric Hardwicke,99461.0,2.0,Sethi,2.576,6844
Nina Foch,13026.0,1.0,Bithiah,3.668,6844
Martha Scott,10022.0,1.0,Yochabel,2.968,6844
Judith Anderson,3362.0,1.0,Memnet,1.57,6844
Vincent Price,1905.0,2.0,Baka,3.987,6844
John Carradine,8516.0,2.0,Aaron,2.978,6844
Olive Deering,100788.0,1.0,Miriam,0.652,6844
Douglass Dumbrille,34748.0,2.0,Jannes,1.4,6844
Frank De Kova,50574.0,2.0,Abiram,2.083,6844
Henry Wilcoxon,51310.0,2.0,Pentaur,1.38,6844
Eduard Franz,94070.0,2.0,Jethro,1.028,6844
Donald Curtis,35847.0,2.0,Mered,1.4,6844
Lawrence Dobkin,15625.0,0.0,Hur Ben Caleb,2.041,6844
H.B. Warner,33278.0,2.0,Amminadab,1.176,6844
Julia Faye,130494.0,1.0,Elisheba,1.586,6844
Lisa Mitchell,1763178.0,1.0,Jethro's Daughter,0.6,6844
Noelle Williams,1763181.0,1.0,Jethro's Daughter,0.6,6844
Joanna Merlin,11903.0,1.0,Jethro's Daughter,1.848,6844
Pat Richard,1763182.0,0.0,Jethro's Daughter,0.6,6844
Joyce van der Veen,1763183.0,1.0,Jethro's Daughter,0.6,6844
Diane Hall,1763185.0,1.0,Jethro's Daughter,0.6,6844
Abbas El Boughdadly,1763188.0,0.0,Rameses' Charioteer,0.6,6844
Fraser Clarke Heston,66076.0,0.0,The Infant Moses,0.706,6844
John Miljan,90000.0,2.0,The Blind One,0.98,6844
Francis McDonald,102327.0,2.0,Simon,1.176,6844
Ian Keith,84230.0,2.0,Rameses I,0.717,6844
Paul De Rolf,94317.0,0.0,Eleazar,0.6,6844
Woody Strode,4963.0,2.0,King of Ethiopia,2.525,6844
Tommy Duran,94321.0,2.0,Gershom,0.6,6844
Eugene Mazzola,137205.0,0.0,Rameses' Son,0.84,6844
Ramsay Hill,1080053.0,2.0,Korah,0.98,6844
Joan Woodbury,89746.0,1.0,Korah's Wife,1.676,6844
Esther Brown,1763193.0,0.0,Princess Tharbis,0.6,6844
Rushdy Abaza,129476.0,2.0,(as Rushti Abaza),1.172,6844
Dorothy Adams,3346.0,1.0,Slave Woman / Hebrew at Golden Calf / Hebrew at Rameses' Gate,1.22,6844
Eric Alden,1016571.0,2.0,High Ranking Officer / Taskmaster / Slave / Officer,1.4,6844
E.J. André,198320.0,2.0,Sheik of Hazerath,0.84,6844
Babette Bain,1458725.0,0.0,Little Miriam,0.6,6844
Baynes Barron,93740.0,2.0,Taskmaster,0.6,6844
Kay Bell,1917953.0,0.0,Taskmaster / Red-Bearded Slave,0.6,6844
Mary Benoit,1541925.0,0.0,Guardian of the Prince / Court Woman / Hebrew at Dathan's Tent / Hebrew at Crag and Corridor / Mother,0.84,6844
Henry Brandon,30553.0,2.0,Commander of the Hosts,3.87,6844
Robert Carson,121209.0,0.0,Eleazar as an Adult,1.018,6844
Bobby Clark,170573.0,2.0,Little Boy in Exodus (as Robert Clark),0.985,6844
Rus Conklin,31978.0,0.0,Whip-Scarred Brick-Carrier / Hebrew at Dathan's Tent,0.98,6844
Mike Connors,29718.0,2.0,Amalekite Herder (as Touch Connors),1.4,6844
Henry Corden,106102.0,2.0,Sheik of Sinai,1.097,6844
Edna Mae Cooper,148803.0,1.0,Woman of the Court,0.6,6844
Kem Dibbs,94031.0,2.0,Corporal,1.229,6844
Maude Fealy,1467861.0,1.0,Slave Woman / Hebrew at Crag and Corridor,0.6,6844
Mimi Gibson,16762.0,1.0,The Blind One's Granddaughter,0.799,6844
Gavin Gordon,2927.0,2.0,Trojan Ambassador (uncredited),1.4,6844
Diane Gump,1641187.0,0.0,Slave,0.6,6844
Nancy Hale,168577.0,0.0,Court Lady in Pool,1.4,6844
June Jocelyn,1014944.0,1.0,Court Lady / Hebrew at Crag and Corridor / Hebrew at Dathan's Tent / Wife of Overseer,1.052,6844
Richard Kean,1917958.0,0.0,Old Hebrew at Moses' House / Hebrew Toward Corridor,0.6,6844
Gail Kobe,1234573.0,1.0,Pretty Slave Girl,2.744,6844
Fred Kohler Jr.,538120.0,2.0,Foreman,0.6,6844
Kenneth MacDonald,103357.0,2.0,Hebrew at Crag and Corridor / Slave,0.84,6844
Peter Mamakos,88455.0,2.0,Chief Driver,0.98,6844
Irene Martin,1917965.0,0.0,Tuya,0.6,6844
George Melford,931194.0,2.0,Hebrew at Golden Calf / Nobleman,0.98,6844
John Merton,32206.0,2.0,Architect's Assistant,0.6,6844
Amena Mohamed,1917968.0,0.0,Architect's Assistant,0.6,6844
Paula Morgan,1917969.0,0.0,Hebrew Woman / Slave Woman,0.6,6844
Dorothy Neumann,87752.0,1.0,Hebrew at Crag and Corridor / Slave / Hebrew at Dathan's Tent,1.729,6844
John Parrish,144371.0,2.0,Sheik of Rephidim,1.38,6844
Rodd Redwing,102328.0,0.0,Taskmaster / Hebrew at Golden Calf,0.6,6844
Addison Richards,97007.0,2.0,Fan Bearer,1.275,6844
Keith Richards,120004.0,0.0,Hebrew at Golden Calf / Courtier / Slave / Hebrew at Dathan's Tent / Hebrew at Crag and Corridor / Overseer,0.6,6844
Hal Sherman,2137505.0,2.0,Slave (uncredited),0.6,6844
Marcoreta Starr,1758124.0,0.0,Slave / Hebrew at Golden Calf,0.6,6844
Onslow Stevens,89091.0,2.0,Lugal,1.094,6844
Clint Walker,40207.0,2.0,Sardinian Captain,3.623,6844
Amanda Webb,1641188.0,1.0,Hebrew at Golden Calf / Young Woman / Hebrew in Exodus,0.6,6844
Frank Wilcox,34625.0,2.0,Wazir,0.98,6844
Jeane Wood,168064.0,1.0,Slave / Hebrew at Crag and Corridor / Hebrew at Golden Calf,0.98,6844
Luis Alberni,30264.0,2.0,Old Hebrew at Moses' House,1.096,6844
Lillian Albertson,1158826.0,1.0,Slave,0.6,6844
Barbara Aler,2663309.0,1.0,Lady from Edon / Priestess / Hebrew at Golden Calf,0.6,6844
Michael Ansara,16074.0,2.0,Taskmaster,2.445,6844
William Bagdad,82783.0,2.0,Slave,0.6,6844
Lesley-Marie Colburn,2663310.0,1.0,Slave Child,0.694,6844
Fairy Cunningham,2663311.0,1.0,Court Lady / Slave,0.6,6844
Kay Hammond,87858.0,0.0,Grease Woman,0.828,6844
Mary Ellen Kay,103102.0,0.0,Court Lady in Pool,1.38,6844
Robert Vaughn,14060.0,2.0,Spearman / Hebrew at Golden Calf,2.975,6844
Alan Wells,2744721.0,2.0,Hebrew at Crag and Corridor (uncredited),0.6,6844
Cecil B. DeMille,8636.0,2.0,Narrator,2.165,6844
Richard Farnsworth,5605.0,2.0,Chariot Driver,3.571,6844
Ofelia Guilmáin,950969.0,1.0,,0.764,533220
Erna Martha Bauman,105139.0,1.0,,1.64,533220
Mercedes Pascual,1482349.0,0.0,,0.828,533220
Virginia Gutiérrez,2076405.0,1.0,,0.98,533220
Beatriz Sheridan,975199.0,1.0,,0.6,533220
Enrique Lizalde,974624.0,2.0,,0.652,533220
Carmen Montejo,1032548.0,1.0,,1.242,533220
Brad Pitt,287.0,2.0,Achilles,16.509,652
Orlando Bloom,114.0,2.0,Paris,9.468,652
Eric Bana,8783.0,2.0,Hector,5.847,652
Brian Cox,1248.0,2.0,King Agamemnon,5.813,652
Sean Bean,48.0,2.0,Odysseus,21.187,652
Brendan Gleeson,2039.0,2.0,Menelaos,5.264,652
Diane Kruger,9824.0,1.0,Helena,5.473,652
Peter O'Toole,11390.0,2.0,Priam,4.472,652
Rose Byrne,9827.0,1.0,Briseis,13.728,652
Saffron Burrows,9825.0,1.0,Andromache,5.316,652
Garrett Hedlund,9828.0,2.0,Patroclus,3.069,652
Vincent Regan,9831.0,2.0,Eudorus,5.131,652
Julie Christie,1666.0,1.0,Thetis,5.249,652
Nathan Jones,24898.0,2.0,Boagrius,1.922,652
Mark Lewis Jones,185460.0,2.0,Tecton,1.055,652
John Shrapnel,940.0,2.0,Nestor,1.62,652
James Cosmo,2467.0,2.0,Glaucus,5.851,652
Nigel Terry,31431.0,2.0,Archeptolemus,2.236,652
Julian Glover,740.0,2.0,Triopas,4.118,652
Trevor Eve,29407.0,2.0,Velior,1.399,652
Frankie Fitzgerald,930959.0,2.0,Aeneas,0.6,652
Lucie Barat,1453728.0,1.0,Helen's Handmaiden,0.6,652
Siri Svegler,9830.0,1.0,Polydora,0.648,652
Ken Bones,91662.0,2.0,Hippasus,0.6,652
Manuel Cauchi,121546.0,2.0,Old Spartan Fisherman,1.008,652
Owain Yeoman,61527.0,2.0,Lysander,4.346,652
Tyler Mane,9832.0,2.0,Ajax,2.661,652
Louis Dempsey,1084849.0,0.0,Aphareus,0.979,652
Joshua Richards,227418.0,0.0,Haemon,0.98,652
Tim Chipping,1728023.0,2.0,Echepolus,0.98,652
Desislava Stefanova,2193566.0,1.0,Singing Woman,1.4,652
Tanja Tzarovska,2193567.0,1.0,Singing Woman,0.6,652
Luke Tal,2657701.0,0.0,Scamandrius,0.6,652
Matthew Tal,2657703.0,0.0,Scamandrius,0.6,652
Alex King,2969854.0,2.0,Apollonian Guard,0.6,652
Adoni Maropis,20808.0,2.0,Agamemnon's Officer,0.84,652
Guilherme Winter,1548848.0,2.0,Moisés,0.708,372519
Camila Rodrigues,1243806.0,0.0,Nefertari,0.6,372519
Sergio Marone,1159980.0,2.0,Ramsés,1.116,372519
Paulo Gorgulho,1184640.0,2.0,Anrão,0.6,372519
Giselle Itié,99414.0,1.0,Zípora,1.22,372519
Vera Zimmermann,1135410.0,1.0,Henutmire,0.6,372519
Denise Del Vecchio,1267733.0,0.0,Joquebede,1.012,372519
Zé Carlos Machado,144804.0,0.0,Seti I,0.6,372519
Larissa Maciel,1558760.0,1.0,Miriã,1.287,372519
Sidney Sampaio,1512532.0,1.0,Oseias/Josué,2.18,372519
Petrônio Gontijo,559725.0,2.0,Arão,3.126,372519
Dylan Vox,76727.0,2.0,Odysseus,4.097,493416
Lara Heller,1345954.0,0.0,Circe,0.6,493416
Hachem Hicham,1943709.0,0.0,Aesus,0.6,493416
Eoin O'Brien,1602210.0,2.0,Achilles,1.4,493416
Jerzy Zelnik,7121.0,0.0,Ramses XIII /Lycon,0.98,5040
Barbara Brylska,22590.0,1.0,Kama,1.22,5040
Krystyna Mikołajewska,40617.0,1.0,Sarah,0.84,5040
Ewa Krzyżewska,40619.0,1.0,Hebron,0.692,5040
Wiesława Mazurkiewicz,40622.0,1.0,Nikrotis,0.732,5040
Piotr Pawłowski,28712.0,2.0,Herhor,1.22,5040
Leszek Herdegen,1130975.0,2.0,Pentuer,0.729,5040
Stanisław Milski,930838.0,2.0,Arcykapłan Mefres,0.6,5040
Kazimierz Opaliński,7115.0,2.0,"Beroes, prorok chaldejski",0.6,5040
Mieczysław Voit,1096333.0,2.0,Priest of Seth,0.84,5040
Alfred Lodzinski,1537612.0,2.0,Hiram,0.98,5040
Andrzej Girtler,2226033.0,0.0,Ramses XII,0.6,5040
Emir Buczacki,1390586.0,0.0,Thutmose,0.6,5040
Józef Czerniawski,2241786.0,0.0,Mentezufis,0.6,5040
Edward Rączkowski,1548900.0,2.0,Dagon,0.6,5040
Bogdan Łysakowski,1138664.0,0.0,,1.4,5040
Hedy Lamarr,89088.0,1.0,Delilah,2.269,29993
Victor Mature,30290.0,2.0,Samson,4.803,29993
George Sanders,3361.0,2.0,The Saran of Gaza,1.579,29993
Angela Lansbury,14730.0,1.0,Semadar,3.265,29993
Henry Wilcoxon,51310.0,2.0,Prince Ahtur,1.38,29993
Olive Deering,100788.0,1.0,Miriam,0.652,29993
Fay Holden,117414.0,1.0,Hazel,0.6,29993
Julia Faye,130494.0,1.0,Haisham,1.586,29993
Russ Tamblyn,6725.0,2.0,Saul,3.121,29993
William Farnum,78193.0,2.0,Tubal,0.6,29993
Lane Chandler,90369.0,2.0,Teresh,1.133,29993
Moroni Olsen,18586.0,2.0,Targil,1.547,29993
Francis McDonald,102327.0,2.0,Story Teller,1.176,29993
William 'Wee Willie' Davis,96140.0,2.0,Garmiskar,1.128,29993
John Miljan,90000.0,2.0,Lesh Lakish,0.98,29993
Arthur Q. Bryan,147117.0,2.0,Fat Philistine Merchant Wearing No Robe,1.214,29993
Kasey Rogers,12505.0,1.0,Spectator,1.636,29993
Victor Varconi,117735.0,2.0,Lord of Ashdod,1.528,29993
John Parrish,144371.0,2.0,Lord of Gath,1.38,29993
Frank Wilcox,34625.0,2.0,Lord of Ekron,0.98,29993
Russell Hicks,13969.0,2.0,Lord of Ashkelon,2.086,29993
Boyd Davis,331924.0,2.0,First Priest of Dagon,0.6,29993
Bert Moorhouse,122984.0,2.0,Spectator at Temple,0.997,29993
Fritz Leiber,103176.0,2.0,Lord Sharif,0.917,29993
Mike Mazurki,84229.0,2.0,Leader of Philistine Soldiers,2.424,29993
Davison Clark,1075172.0,2.0,Merchant Prince,0.6,29993
George Reeves,11496.0,2.0,Wounded Messenger,2.045,29993
Pedro de Cordoba,103493.0,2.0,Bar Simon,0.828,29993
Frank Reicher,3245.0,2.0,Village Barber,1.032,29993
Colin Tapley,96743.0,2.0,Prince,0.6,29993
Dorothy Adams,3346.0,1.0,Screaming Temple Spectator (uncredited),1.22,29993
Claire Du Brey,68653.0,1.0,Temple Spectator (uncredited),1.094,29993
Germán Valdés,585981.0,2.0,Sanson,0.649,298509
Ana Bertha Lepe,589792.0,0.0,Dalila,0.6,298509
Yolanda Varela,1052818.0,1.0,Semadar,0.702,298509
Elvira Quintana,1176416.0,1.0,Myriam,1.156,298509
Mark Forest,980234.0,0.0,Maciste,0.98,206004
Chelo Alonso,535685.0,1.0,Queen Smedes,1.96,206004
Vira Silenti,33639.0,1.0,Tekaet,1.166,206004
Angelo Zanolli,1188397.0,0.0,Pharaoh Kenamun,0.6,206004
Federica Ranchi,1188398.0,1.0,Nofret,0.98,206004
Carlo Tamberlani,37784.0,2.0,Armiteo I,0.98,206004
Nino Musco,1082665.0,2.0,Senneka,0.684,206004
Zvonimir Rogoz,1031182.0,2.0,Grand Visir,1.094,206004
Ignazio Dolce,31992.0,2.0,Tradesman,0.6,206004
Andrea Fantasia,946026.0,2.0,Blacksmith,0.6,206004
Petar Dobrić,1188399.0,2.0,High Priest,0.6,206004
Gregory Peck,8487.0,2.0,King David,4.509,42567
Susan Hayward,30124.0,1.0,Bathsheba,1.212,42567
Kieron Moore,101678.0,2.0,Uriah,1.62,42567
Raymond Massey,2669.0,2.0,Nathan,1.22,42567
James Robertson Justice,11130.0,2.0,Abishai,1.805,42567
Jayne Meadows,19415.0,1.0,Michal,1.4,42567
John Sutton,100589.0,2.0,Ira,1.135,42567
Dennis Hoey,25175.0,2.0,Joab,1.051,42567
Francis X. Bushman,50837.0,2.0,King Saul (uncredited),0.6,42567
George Zucco,30417.0,2.0,Egyptian Ambassador (uncredited),1.767,42567
William Severn,1675048.0,2.0,Shepherd Boy (uncredited),0.84,42567
Gwen Verdon,54122.0,1.0,Specialty Dancer (uncredited),1.008,42567
Ben Cross,29068.0,2.0,Salomone,5.362,58430
Maria Grazia Cucinotta,10777.0,1.0,Abisag,6.608,58430
Stefania Rocca,15917.0,1.0,Anna,1.22,58430
Vivica A. Fox,2535.0,1.0,Regina di Saba,10.705,58430
Anouk Aimée,5682.0,1.0,Betsabea,1.4,58430
Max von Sydow,2201.0,2.0,Davide,4.316,58430
Umberto Orsini,27166.0,2.0,Natan,0.985,58430
Richard Dillane,176227.0,2.0,Jeroboam,0.64,58430
Marta Zoffoli,1511147.0,1.0,Basemah,1.4,58430
Ivan Kaye,39683.0,2.0,Adonijah,1.111,58430
G. W. Bailey,27237.0,2.0,Azarel,3.184,58430
Dexter Fletcher,974.0,2.0,Rehoboam,1.949,58430
Roger Hammond,27660.0,2.0,Zadok,0.825,58430
Michael Culkin,8445.0,2.0,Hiram of Naphtali,0.84,58430
Stefan Gubser,44460.0,2.0,Abiathar,0.84,58430
Pete Lee-Wilson,24605.0,2.0,Ahlijah,0.702,58430
Ahmed Boulane,27664.0,2.0,Farmir Sidon,0.6,58430
Thom Hoffman,7572.0,2.0,General Brealah,1.259,58430
Abderrahim Bargache,929542.0,0.0,Stafholder,0.6,58430
Vadim Glowna,20016.0,2.0,King Hiram,1.4,58430
Abdelkader Lofti,2920854.0,0.0,Sandalmaker,0.6,58430
Rachid Fekkak,27657.0,0.0,Horseman,0.6,58430
Fengirou,2920855.0,0.0,Owner,0.6,58430
Rachid El Ouali,1050865.0,2.0,Soldier,1.4,58430
Hassan El Fad,1587496.0,2.0,Customer,0.6,58430
Mustapha Salamat,27674.0,0.0,Old Man,0.6,58430
Mohamed Benbrahim,568718.0,0.0,Second Old Man,0.6,58430
Mohamed Khyya,2920859.0,0.0,Third Old Man,0.6,58430
Aziz Janah,27417.0,0.0,Man with Horse,0.6,58430
Mohamed Bensouda,27288.0,0.0,Barman,0.6,58430
David Suchet,20277.0,2.0,Joab,5.162,58430
Adil El Hacium,2920864.0,0.0,Angry Man,0.6,58430
Naïma Lamcharki,1201920.0,1.0,Third wife,1.382,58430
Larbi Sassi,2623863.0,0.0,Second Man,0.6,58430
Ibrahim Abbes,2920865.0,0.0,Third Man,0.6,58430
Nick Deal,1585176.0,0.0,Young Man in Council,0.6,58430
Zaki Houari,27658.0,0.0,Old Man in Council,0.6,58430
Saïda Baadi,1319206.0,1.0,First Wife,0.6,58430
Chakara Istissam,2920871.0,1.0,Second Wife,0.6,58430
Lloyd Martin,2920873.0,0.0,Young Rehoboam,0.6,58430
Siham Assif,2088842.0,0.0,Egyptian Bride,0.6,58430
Mohamed Majd,130022.0,2.0,Hanani,1.032,58430
Emma Komlosy,2920874.0,0.0,Sheba's Court Member,0.6,58430
Oliver Robsom,2920875.0,0.0,"Rehoboam, 12 years old",0.6,58430
Yul Brynner,14528.0,2.0,Solomon,3.211,29996
Gina Lollobrigida,19534.0,1.0,Sheba,4.538,29996
George Sanders,3361.0,2.0,Adonijah,1.579,29996
Marisa Pavan,117617.0,1.0,Abishag,1.766,29996
David Farrar,91617.0,2.0,Pharaoh,0.6,29996
John Crawford,15693.0,2.0,Joab,2.091,29996
Finlay Currie,10027.0,2.0,David,1.4,29996
Harry Andrews,19463.0,2.0,Baltor,1.821,29996
José Nieto,14822.0,2.0,Ahab,1.048,29996
Maruchi Fresno,1031918.0,1.0,Bathsheba,0.6,29996
William Devlin,552409.0,2.0,Nathan,0.98,29996
Jack Gwillim,13331.0,2.0,Josiah,1.566,29996
Jean Anderson,39028.0,1.0,Takyan,1.4,29996
Laurence Naismith,69764.0,2.0,Hezrai,3.318,29996
Julio Peña,12742.0,2.0,Zadok,0.648,29996
Claude Dantes,99509.0,0.0,Mother of Disputed Child (uncredited),0.6,29996
Félix de Pomés,89775.0,0.0,Egyptian General (uncredited),1.38,29996
Alejandro Rey,83851.0,2.0,Sittar (uncredited),1.269,29996
Anne Scott,2896433.0,0.0,Girl (uncredited),0.6,29996
Virgílio Teixeira,103469.0,2.0,(uncredited),0.84,29996
Amin Zendegani,2693170.0,2.0,King Solomon,0.6,153779
Mahmoud Pakniat,2049323.0,2.0,Yazar,0.6,153779
Elham Hamidi,1470016.0,1.0,Miriam,1.772,153779
Hossein Mahjoub,135901.0,2.0,Asif ibn Barkhiya,0.6,153779
Alireza Kamali,1588048.0,2.0,Adonijah,1.03,153779
Zahra Saeidi,2673486.0,1.0,Michal,0.6,153779
Mehdi Faghih,1701514.0,2.0,Ara,0.84,153779
Javad Taheri,1261852.0,2.0,Absalom,0.6,153779
Sirous Saber,2698970.0,2.0,Joab,0.6,153779
Yousef Bakhtiari,2680211.0,2.0,Raeil,0.6,153779
Ali Bokaeian,2698971.0,2.0,Moeir,0.6,153779
Zhale Olov,2181506.0,1.0,,0.6,153779
Yvonne Furneaux,5962.0,1.0,Semiramis,1.154,60915
John Ericson,41231.0,2.0,Kir,1.4,60915
Renzo Ricci,231979.0,2.0,Minurte,0.694,60915
Gianni Rizzo,132488.0,2.0,Ghelas,1.62,60915
Germano Longo,19585.0,2.0,Omnos,0.833,60915
John Bartha,5816.0,2.0,Althar,1.214,60915
Nino Di Napoli,45985.0,0.0,Adath - The King's Son,0.6,60915
Valérie Camille,1206571.0,1.0,Dancer,0.6,60915
Mario Laurentino,2087999.0,2.0,Oerte,0.6,60915
Piero Pastore,1139841.0,2.0,Shabli,0.98,60915
Mario Passante,5409.0,0.0,Naval Constructor,0.98,60915
Ugo Sasso,46546.0,2.0,Omnos' Officer,0.6,60915
Annamaria Ubaldi,1206572.0,0.0,Maid,0.6,60915
Harold Bradley,1046594.0,0.0,Slave,0.6,60915
Antonio Corevi,91817.0,2.0,Zagros,0.6,60915
Lucio De Santis,1121968.0,0.0,Marduk,1.528,60915
Charles Fawcett,101591.0,2.0,High Priest,0.6,60915
Massimo Giuliani,1361467.0,0.0,Adarte,0.6,60915
Umberto Silvestri,1111036.0,2.0,Wrestler,0.6,60915
José Torres,88687.0,2.0,Pharaoh's Messenger,1.4,60915
Aldo Vasco,119433.0,0.0,Wrestler,0.6,60915
Lorena Velázquez,105127.0,1.0,Hersilia,0.656,366585
Tere Velázquez,231957.0,1.0,Rhea,2.762,366585
Wolf Ruvinskis,102304.0,2.0,Rómulo,2.894,366585
Alex Johnson,2577427.0,0.0,Hostes,0.6,366585
Luis Induni,31753.0,2.0,Tito Tacio,0.98,366585
Leandro Vizcaíno,2362549.0,0.0,Horacio,0.6,366585
Juanita Crespi,2917945.0,0.0,Egea,0.6,366585
Carolina Jiménez,565851.0,1.0,Mujer rebelde,0.6,366585
J. Olivier,2917946.0,0.0,Hombre rudo,0.6,366585
Juan Monfort,1881005.0,0.0,Acron,0.6,366585
Victor Ruiz,2917947.0,0.0,Remo,0.6,366585
Víctor Vyo,2917948.0,0.0,,0.6,366585
María Antonia Palmer,1916109.0,1.0,,0.6,366585
Julio Albadalejo,2917951.0,0.0,,0.6,366585
Clotilde Gijón,2903215.0,0.0,,0.6,366585
Marín Rodríguez,2917952.0,0.0,,0.6,366585
Salvador Torruella,2917953.0,0.0,,0.6,366585
Ángel Lombarte,237354.0,0.0,,0.6,366585
Alessandro Borghi,1395660.0,2.0,Remus,3.48,565179
Alessio Lapice,1880993.0,2.0,Romulus,2.581,565179
Fabrizio Rongione,70312.0,2.0,Lars,2.009,565179
Massimiliano Rossi,1668746.0,2.0,Tefarie,1.382,565179
Tania Garribba,1912247.0,1.0,Satnei,2.169,565179
Lorenzo Gleijeses,2132130.0,0.0,Purtnass,0.6,565179
Vincenzo Crea,1706380.0,2.0,Elaxantre,1.4,565179
Max Malatesta,1272358.0,2.0,Veltur,2.074,565179
Fiorenzo Mattu,1919887.0,0.0,Mamercus,0.98,565179
Gabriel Montesi,2197426.0,2.0,Adieis,1.214,565179
Antonio Orlando,2232352.0,0.0,Erennis,1.4,565179
Vincenzo Pirrotta,1998365.0,0.0,Cai,1.4,565179
Michael Schermi,583820.0,0.0,Aranth,0.6,565179
Ludovico Succio,1345542.0,0.0,Marce,0.6,565179
Martinus Tocchi,2197428.0,0.0,Lubcef,0.6,565179
Marina Occhionero,1932376.0,1.0,Acca Larentia,1.614,565179
Danilo Sarappa,2316732.0,0.0,Picus,0.6,565179
Federico Diust,2316733.0,0.0,Tias,0.6,565179
Emilio De Marchi,118586.0,2.0,Testa di Lupo,0.6,565179
Marzia Pellegrino,2316734.0,0.0,Velia,0.6,565179
Ludovico Micara,2316735.0,0.0,Aulo,0.6,565179
Nina Fotaras,2251146.0,1.0,Ramtha,2.454,565179
Luca Elmi,2016273.0,0.0,Maccus,0.6,565179
Riccardo Mioni,1060274.0,0.0,Nobile Albalonga,0.6,565179
Steve Reeves,39162.0,2.0,Romulus,3.72,96786
Gordon Scott,129313.0,2.0,Remus,0.98,96786
Virna Lisi,31895.0,1.0,Julia,5.129,96786
Franco Volpi,50008.0,0.0,Amulio,0.6,96786
Massimo Girotti,18340.0,2.0,Tazio,1.96,96786
Jacques Sernas,102026.0,2.0,Curzio,1.8,96786
Laura Solari,1315106.0,1.0,Rea Silvia,1.094,96786
Germano Longo,19585.0,2.0,Scebro,0.833,96786
Ornella Vanoni,1265935.0,1.0,Tarpeia,0.694,96786
Piero Lulli,45035.0,2.0,Sulpicius,2.776,96786
Enrico Montesano,21237.0,2.0,Remo e Papirio,0.603,412225
Pippo Franco,129589.0,2.0,Romolo,1.008,412225
Gabriella Ferri,1668790.0,0.0,Lupa,0.6,412225
Maurizio Arena,131306.0,0.0,Marte,1.286,412225
Maria Grazia Buccella,98790.0,1.0,Rea Silvia,2.91,412225
Oreste Lionello,103115.0,2.0,Etrusco,1.214,412225
Roger Moore,10222.0,2.0,Romulus,5.379,138519
Mylène Demongeot,19646.0,1.0,Rea,3.619,138519
Jean Marais,9741.0,2.0,Marte,2.198,138519
Rosanna Schiaffino,30927.0,1.0,Venere,1.676,138519
Scilla Gabel,57497.0,1.0,Dusia,0.94,138519
Marino Masé,39151.0,2.0,Leno,1.573,138519
Giorgia Moll,3786.0,1.0,Lavinia,1.67,138519
Folco Lulli,2568.0,2.0,King Titus Tazio,1.38,138519
Luisa Mattioli,1157919.0,1.0,Silvia,0.6,138519
Francis Blanche,39645.0,2.0,Mezio,0.98,138519
Nietta Zocchi,228863.0,1.0,"Ersilia, Titus' Wife",0.6,138519
Dina De Santis,1042793.0,1.0,Marzia,1.38,138519
Claude Cory,1880879.0,2.0,Tarquinius,0.6,138519
Walter Barnes,33544.0,2.0,Stilicone,0.982,138519
Dada Gallotti,31548.0,1.0,Flaminia,0.766,138519
Rhonda Fleming,10160.0,1.0,Semiramide,2.9,223168
Ricardo Montalban,1793.0,2.0,Amal,3.465,223168
Roldano Lupi,33638.0,0.0,Assur,0.6,223168
Carlo Ninchi,225484.0,2.0,Sibari,0.6,223168
Tamara Lees,236562.0,1.0,Lisia,0.828,223168
Armando Annuale,1560722.0,0.0,Soldier,0.6,223168
Richard Conte,3090.0,2.0,Nahum,1.07,350806
Linda Christian,117112.0,1.0,Princess Panthea,1.631,350806
Maurice Schwartz,1053958.0,2.0,The Prophet Daniel,0.6,350806
Terry Kilburn,81933.0,2.0,King Cyrus,3.15,350806
Michael Ansara,16074.0,2.0,Prince Belshazzar,2.445,350806
Leslie Bradley,102746.0,2.0,King Nebuchadnezzar,1.96,350806
Ruth Storey,87687.0,0.0,Rachel,0.98,350806
John Crawford,15693.0,2.0,Avil,2.091,350806
Ric Roman,124847.0,0.0,Daniel's aide,0.6,350806
Robert Griffin,136126.0,2.0,King Astyages,1.4,350806
Beatrice Maude,1489284.0,0.0,Cyrus' foster mother,0.695,350806
Wheaton Chambers,32221.0,2.0,Cyrus' foster father,0.98,350806
Paul Purcell,1184609.0,0.0,Overseer,0.6,350806
Julie Newmar,15973.0,1.0,Dancer Assassin,7.428,350806
Mark Forest,980234.0,0.0,Maciste / Goliath / Marcellus,0.98,150912
José Greci,1046559.0,1.0,Regia / Chelima,1.4,150912
Giuliano Gemma,15139.0,2.0,Xandros,2.223,150912
Erno Crisa,37728.0,2.0,Morakeb,0.714,150912
Mimmo Palmara,22477.0,2.0,Alceas,1.704,150912
Livio Lorenzon,5817.0,2.0,Evandro,1.214,150912
Piero Lulli,45035.0,2.0,Pergasos,2.776,150912
Paul Müller,101549.0,2.0,King Rukus,0.6,150912
Eleonora Bianchi,237380.0,1.0,Sacrifical Victim,1.388,150912
Jacques Herlin,6784.0,2.0,Phoenician Merchant,1.4,150912
Alfio Caltabiano,1125205.0,0.0,Meneos,1.135,150912
Arnaldo Fabrizio,1191216.0,0.0,Goliath the Dwarf,1.159,150912
Ugo Sasso,46546.0,2.0,Father of a Sacrificial Victim,0.6,150912
Harold Bradley,1046594.0,0.0,Regia's Servant,0.6,150912
Calisto Calisti,1072166.0,2.0,"Delos, King's Adviser",0.6,150912
Nello Pazzafini,32679.0,2.0,Gladiator,1.45,150912
Loris Loddi,7196.0,2.0,Child Brother of a Sacrificial Victim,1.4,150912
Emilio Messina,1127104.0,2.0,Guard,0.738,150912
Gianni Di Segni,3330610.0,2.0,Various Roles (uncredited),0.6,150912
Gordon Scott,129313.0,2.0,Nippur,0.98,330390
Geneviève Grad,39092.0,1.0,Tamira,2.664,330390
Andrea Scotti,128435.0,2.0,Namar,0.753,330390
Célina Cély,548322.0,0.0,Agar,0.6,330390
Moira Orfei,32379.0,1.0,Ura,1.096,330390
Louis Jourdan,10508.0,2.0,Drusco,3.614,164302
Sylvia Syms,15736.0,1.0,Clelia,1.788,164302
Jean Chevrier,543751.0,2.0,"Porcenna, Etruscan leader",1.22,164302
Nicole Courcel,112198.0,1.0,"Lucilla, Porcenna's wife",1.96,164302
Ettore Manni,563809.0,2.0,"Horatio / Cocles, Roman Consul",1.4,164302
Paola Falchi,1145705.0,0.0,Aurelia,0.6,164302
Renaud Mary,251083.0,2.0,Stravos,0.648,164302
Michel Piccoli,3784.0,2.0,Console Publicola,2.7,164302
Corrado Pani,123910.0,2.0,Muzio Scevola,1.008,164302
Nicolas Vogel,39956.0,2.0,Rasmal,0.6,164302
María Luisa Rolando,1145706.0,0.0,Donna Romana,0.6,164302
Carlo Giustini,46545.0,0.0,Bruto,1.386,164302
Steve Reeves,39162.0,2.0,Phillipides,3.72,18696
Mylène Demongeot,19646.0,1.0,Andromeda,3.619,18696
Sergio Fantoni,34596.0,2.0,Teocrito,1.393,18696
Daniela Rocca,83461.0,1.0,Karis,1.96,18696
Philippe Hersent,50780.0,2.0,Callimaco,1.052,18696
Alberto Lupo,89125.0,2.0,Milziade,0.747,18696
Gianni Loti,1060041.0,0.0,Teucro,0.6,18696
Daniele Vargas,39020.0,2.0,"Dari0, re di Persia",1.008,18696
Anita Todesco,114421.0,1.0,amica di Andromeda,0.6,18696
Ivo Garrani,84251.0,0.0,Creuso,0.98,18696
Sergio Ciani,1034608.0,2.0,Euros,1.389,18696
Franco Fantasia,33820.0,2.0,senatore,1.4,18696
Ignazio Balsamo,1082124.0,2.0,capitano della nave,0.694,18696
Gérard Herter,80692.0,2.0,Hippia,0.83,18696
Rinaldo Zamperla,50787.0,0.0,gladiatore,1.4,18696
Richard Egan,93105.0,2.0,King Leonidas,2.883,19972
Ralph Richardson,12689.0,2.0,Themistocles of Athens,2.084,19972
Diane Baker,6930.0,1.0,Ellas,5.05,19972
Barry Coe,16199.0,2.0,Phylon,0.6,19972
David Farrar,91617.0,2.0,Xerxes,0.6,19972
Donald Houston,38358.0,2.0,Hydarnes,0.719,19972
Anna Synodinou,93956.0,0.0,Gorgo,1.22,19972
Robert Brown,10513.0,2.0,Pentheus,0.6,19972
Gerard Butler,17276.0,2.0,King Leonidas,11.902,1271
Lena Headey,17286.0,1.0,Queen Gorgo,8.264,1271
Dominic West,17287.0,2.0,Theron,5.585,1271
David Wenham,1371.0,2.0,Dilios,7.61,1271
Vincent Regan,9831.0,2.0,Captain,5.131,1271
Michael Fassbender,17288.0,2.0,Stelios,9.686,1271
Tom Wisdom,17292.0,2.0,Astinos,0.824,1271
Stephen McHattie,230.0,2.0,Loyalist,3.443,1271
Andrew Tiernan,17290.0,2.0,Ephialtes,2.047,1271
Andrew Pleavin,17291.0,2.0,Daxos,1.361,1271
Rodrigo Santoro,17289.0,2.0,Xerxes,4.692,1271
Giovani Cimmino,17293.0,2.0,Pleistarchos,0.6,1271
Tyler Neitzel,17294.0,2.0,Leonidas at 15 yrs,1.708,1271
Eli Snyder,963118.0,2.0,Leonidas at 7 / 8 yrs,1.675,1271
Tim Connolly,1089920.0,2.0,Leonidas' Father,0.681,1271
Marie-Julie Rivest,181248.0,1.0,Leonidas' Mother,0.629,1271
Peter Mensah,68278.0,2.0,Messenger,2.996,1271
Arthur Holden,115596.0,2.0,Partisan,0.6,1271
Michael Sinelnikoff,29463.0,2.0,Elder councilman,0.677,1271
Kelly Craig,1089919.0,1.0,Oracle Girl,3.702,1271
Greg Kramer,306574.0,2.0,Ephor #1,0.6,1271
Alex Ivanovici,96594.0,0.0,Ephor #2,0.6,1271
Tom Rack,1330747.0,2.0,Ephor #3,0.6,1271
David Francis,119708.0,2.0,Ephor #4,0.6,1271
James Bradford,29468.0,2.0,Ephor #5,1.008,1271
Sebastian St. Germain,1089921.0,2.0,Fighting Boy (12 yrs old),0.6,1271
John Dunn-Hill,218899.0,2.0,Councilman,0.6,1271
Dennis St John,1089927.0,2.0,Spartan Baby Inspector,0.6,1271
Neil Napier,105496.0,2.0,Spartan with Stick,2.098,1271
Dylan Smith,47934.0,2.0,Sentry #1,1.266,1271
Maurizio Terrazzano,125686.0,2.0,Sentry #2,0.6,1271
Robert Paradis,1089928.0,0.0,Spartan General,0.6,1271
Kwasi Songui,207881.0,2.0,Persian,1.566,1271
Alexandra Beaton,1089929.0,1.0,Burned Village Child,1.4,1271
Frédéric Smith,1089930.0,0.0,Statesman,0.6,1271
Loucas Minchillo,1330745.0,0.0,Spartan Baby A,0.6,1271
Nicholas Minchillo,1330746.0,0.0,Spartan Baby B,0.6,1271
Andrew Shaver,90467.0,2.0,Free Greek-Potter,0.6,1271
Marcel Jeannin,143395.0,2.0,Free Greek-Baker,0.604,1271
Jere Gillis,1330749.0,2.0,Spartan General #2,0.6,1271
Robin Wilcock,1142866.0,2.0,Free Greek-Sculptor,0.6,1271
Jeremy Thibodeau,1330750.0,2.0,Spartan Boy,0.6,1271
Tyrone Benskin,181247.0,2.0,Persian Emissary,0.926,1271
Robert Maillet,112692.0,2.0,Uber Immortal (Giant),2.295,1271
Patrick Sabongui,102742.0,2.0,Persian General,3.336,1271
David Schaap,1177316.0,2.0,Potter,0.6,1271
Leon Laderach,1330751.0,0.0,Executioner,0.6,1271
Dave Lapommeray,1330752.0,0.0,Persian General Slaughtered,0.6,1271
Vervi Mauricio,1330753.0,0.0,Armless Concubine,1.094,1271
Charles Papasoff,1330754.0,2.0,Blacksmith,1.094,1271
Isabelle Champeau,1330755.0,1.0,Mother at Market,0.6,1271
Veronique Natalie Szalankiewicz,1203045.0,1.0,Daughter at Market (3 / 5 years old),0.6,1271
Maéva Nadon,1177458.0,1.0,Girl at Market,0.714,1271
David Thibodeau,1330757.0,2.0,Boy #1 at Market,0.6,1271
Jean Michel Paré,70786.0,0.0,Other Council Guard,1.22,1271
Stewart Myiow,1330758.0,0.0,Persian General,0.7,1271
Andreanne Ross,1330759.0,0.0,Concubine #1,0.6,1271
Sara Giacalone,1330760.0,0.0,Concubine #2,0.6,1271
Ariadne Bourbonnière,1330762.0,0.0,Kissing Concubine #1,0.6,1271
Isabelle Fournel,1330764.0,0.0,Kissing Concubine #2,0.6,1271
Sandrine Merette-Attiow,1330766.0,0.0,Contortionist,0.6,1271
Danielle Hubbard,190088.0,0.0,Dancer,0.6,1271
Elisabeth Etienne,2603206.0,1.0,Dancer,0.6,1271
Ruan Vibegaard,1330768.0,0.0,Dancer,0.6,1271
Genevieve Guilbault,1330769.0,0.0,Slave Girl,0.6,1271
Bonnie Mak,1330770.0,1.0,Slave Girl,0.703,1271
Amélie Sorel,84586.0,1.0,Slave Girl,0.98,1271
Caroline Aspirot,1330771.0,0.0,Slave Girl,0.84,1271
Gina Gagnon,1330772.0,1.0,Slave Girl,0.6,1271
Tania Trudel,1330773.0,0.0,Slave Girl,0.6,1271
Stéphanie Aubry,1297965.0,0.0,Slave Girl,0.6,1271
Mercedes Leggett,119250.0,1.0,Slave Girl,0.6,1271
Stephania Gambaroff,1330774.0,0.0,Slave Girl,0.6,1271
Chanelle Lamothe,1330775.0,0.0,Slave Girl,0.6,1271
Sabrina-Jasmine Guilbault,1330776.0,1.0,Slave Girl,0.6,1271
Manny Cortez Tuazon,1330777.0,0.0,Transsexual (Asian) #1,0.6,1271
Atif Y. Siddiqi,1330778.0,2.0,Transsexual (Arabian) #3,0.6,1271
Camille Rizkallah,1330779.0,0.0,Giant with Arrow,0.6,1271
Trudi Hanley,1330780.0,0.0,Long Neck Woman,0.6,1271
Neon Cobran,1330781.0,0.0,Litter Bearer / Slave,0.6,1271
Gary A. Hecker,1077782.0,2.0,Ubermortal Vocals (voice),1.62,1271
Deke Richards,101218.0,2.0,Spartan Soldier (uncredited),0.6,1271
Darren Shahlavi,60652.0,2.0,Persian (uncredited),1.145,1271
Marc Trottier,101253.0,2.0,Spartan Warrior (uncredited),0.6,1271
Duy Vo Van,1330783.0,2.0,Persian (uncredited),1.22,1271
Agnieshka Wnorowska,1330784.0,1.0,Market woman (uncredited),0.6,1271
David Leitch,40684.0,2.0,Spartan Warrior (uncredited),2.141,1271
Sean Maguire,52262.0,2.0,Leonidas,2.208,7278
Carmen Electra,28639.0,1.0,Queen Margo,5.104,7278
Ken Davitian,6734.0,2.0,Xerxes,2.472,7278
Kevin Sorbo,51965.0,2.0,Hauptmann,3.323,7278
Diedrich Bader,5727.0,2.0,Traitoro,5.188,7278
Method Man,5384.0,2.0,Persian Emissary,5.223,7278
Ike Barinholtz,198150.0,2.0,Dane Cook Look-a-Like / Bond Villain / Prophet,2.728,7278
Lauren Walsh,78263.0,1.0,Pretty Girl,1.597,7278
Tiffany Haddish,1230868.0,1.0,Urban Girl,2.397,7278
Travis Van Winkle,74290.0,2.0,Sonio,3.507,7278
Jareb Dauplaise,205267.0,2.0,Dilio,1.27,7278
Phil Morris,56853.0,2.0,Messenger,1.02,7278
Jim Piddock,120560.0,2.0,Loyalist / Simon Cowell Look-A-Like,2.218,7278
Nicole Parker,211662.0,1.0,Paula Abdul Look-A-Like / Britney Spears Look-A-Like / Ellen DeGeneres Look-A-Like / Hunchback Paris Hilton,0.652,7278
Crista Flanagan,58957.0,1.0,Spartan Woman / Ugly Betty Look-A-Like,1.097,7278
Hunter Clary,205263.0,0.0,"Leo, Jr.",0.6,7278
Emily Wilson,1183675.0,1.0,Lindsay Lohan Look-A-Like,0.97,7278
John Di Domenico,1114054.0,2.0,Donald Trump Look-A-Like,0.6,7278
Belinda Waymouth,1635985.0,1.0,Twiggy Look-A-Like,0.6,7278
Jesse Lewis IV,1750429.0,0.0,Ms. Jay Look-A-Like,0.6,7278
Zachary Dylan Smith,1215030.0,0.0,10-Year-Old Leonidas,0.6,7278
Ryan Fraley,1319795.0,0.0,Brad Pitt Look-A-Like,0.6,7278
Tiffany Claus,2479210.0,0.0,Angelina Jolie Look-A-Like,0.6,7278
Nick Steele,181685.0,2.0,K-Fed Look-A-Like,1.138,7278
Jim Nieb,1278393.0,0.0,President Bush Look-A-Like,0.6,7278
Dean Cochran,105686.0,2.0,Rocky Balboa / Rambo,0.772,7278
Nate Haden,1233143.0,0.0,Ryan Seacrest Look-A-Like,0.6,7278
Tony Yalda,205954.0,2.0,Sanjaya Look-A-Like,0.6,7278
Jessica Heap,450660.0,1.0,Spartan Woman's Friend (uncredited),0.84,7278
Tim Connolly,1089920.0,2.0,Spartan Soldier (uncredited),0.681,7278
Robin Atkin Downes,130081.0,2.0,Narrator (uncredited),2.05,7278
Martin Klebba,4030.0,2.0,Happy Feet (uncredited),2.725,7278
Sullivan Stapleton,38664.0,2.0,Themistocles,6.019,53182
Eva Green,10912.0,1.0,Artemisia,8.457,53182
Lena Headey,17286.0,1.0,Queen Gorgo,8.264,53182
Callan Mulvey,208296.0,2.0,Scylias,4.27,53182
David Wenham,1371.0,2.0,Dillios,7.61,53182
Rodrigo Santoro,17289.0,2.0,Xerxes,4.692,53182
Jack O'Connell,85065.0,2.0,Calisto,4.399,53182
Andrew Tiernan,17290.0,2.0,Ephialtes,2.047,53182
Ashraf Barhom,766.0,2.0,General Bandari,2.766,53182
Andrew Pleavin,17291.0,2.0,Daxos,1.361,53182
Hans Matheson,37168.0,2.0,Aesyklos,2.086,53182
Peter Mensah,68278.0,2.0,Persian Emissary,2.996,53182
Ben Turner,1261071.0,2.0,General Artaphernes,0.6,53182
Christopher Boyer,153946.0,2.0,Senator,1.165,53182
Fred Ochs,211593.0,2.0,Senator,1.528,53182
Price Carson,36060.0,2.0,Senator,2.019,53182
John Michael Herndon,1394772.0,2.0,Senator,0.6,53182
David Pevsner,177099.0,2.0,Senator,0.6,53182
Peter Ferdinando,109833.0,2.0,Greek Ambassador,1.4,53182
Igal Naor,41316.0,2.0,King Darius,1.268,53182
Luke Roberts,214581.0,2.0,Butcher,1.249,53182
George Georgiou,570010.0,0.0,Greek Citizen,2.044,53182
Farshad Farahat,1402460.0,2.0,Persian Officer,0.6,53182
Christopher Sciueref,1440871.0,2.0,General Kashani,0.6,53182
Steven Cree,1102427.0,2.0,Decapitated Greek marine,0.6,53182
Caitlin Carmichael,966753.0,1.0,8 Year Old Artemisia,1.936,53182
Jade Chynoweth,1622651.0,1.0,13 Year Old Artemisia,1.295,53182
Kevin Fry,156274.0,2.0,Lascivious Greek,0.98,53182
David Sterne,117654.0,2.0,Old Statesman,1.616,53182
Gregor Truter,214794.0,2.0,Small Ambassador,1.38,53182
Vincent Walsh,190908.0,2.0,Naval Commander,0.991,53182
Nick Court,1622654.0,2.0,Theban Commander,0.6,53182
Mark Killeen,142290.0,0.0,Greek Commander,2.307,53182
Stefan Ivanov,1600895.0,2.0,Persian Commander,0.736,53182
Atanas Srebrev,67247.0,2.0,Blacksmith,1.666,53182
Mark Aaron Wagner,1622657.0,2.0,Artemesia's Father (uncredited),0.694,53182
Nancy McCrumb,1251373.0,1.0,Athenian Woman (uncredited),0.6,53182
Bo Roberts,1622671.0,2.0,Spartan Warrior (uncredited),0.654,53182
Gregory Shelby,1574987.0,2.0,Spartan Warrior (uncredited),0.6,53182
Wayne Dalglish,1226495.0,2.0,Young Spartan (uncredited),0.947,53182
Velimir Velev,1818131.0,2.0,Hermit (uncredited),1.028,53182
Dimo Alexiev,1000981.0,2.0,Rope Puller,1.366,53182
Georgi Stanislavov,1701655.0,2.0,Persian Bomber 03 (uncredited),0.6,53182
Dimiter Doichinov,1350263.0,2.0,Spartan Warrior (uncredited),0.734,53182
Velizar Peev,559374.0,2.0,Spartan Warrior (uncredited),1.443,53182
Aleksandar Belovski,2575297.0,0.0,Greek Citizen (uncredited),0.6,53182
Jen Lilley,210344.0,1.0,Esther,4.911,199153
Jennifer Lyons,63470.0,1.0,Vashti,2.573,199153
Robert Miano,62715.0,2.0,Mordecai,1.96,199153
Thaao Penghlis,160301.0,2.0,Haman,0.6,199153
Louise Lombard,20805.0,1.0,Esther,5.216,2700
Ornella Muti,27163.0,1.0,Königin Waschti,5.956,2700
F. Murray Abraham,1164.0,2.0,Mordechai,2.447,2700
Jürgen Prochnow,920.0,2.0,Haman,3.851,2700
Thomas Kretschmann,3491.0,2.0,König Xerxes,6.588,2700
John Hollis,27165.0,2.0,Harbona,0.98,2700
Umberto Orsini,27166.0,2.0,Memuchan,0.985,2700
Phil Davies,27167.0,2.0,Hegai,0.6,2700
Natasha Williams,27168.0,1.0,Maimuna,0.98,2700
Peter Halliday,27169.0,2.0,Karschena,0.608,2700
Christopher Ettridge,25674.0,2.0,Hatach,1.38,2700
Darren Bransford,27170.0,2.0,Nehemia,1.008,2700
Nicola Harrington,27171.0,0.0,Mara,0.6,2700
Peter Guinness,27172.0,2.0,Admatha,1.4,2700
Bruce Purchase,27173.0,2.0,Hauptmann der Wache,0.7,2700
Ilza Prestinari,27174.0,0.0,Zeresch,0.6,2700
Hassani Shapi,27175.0,2.0,Schetar,1.618,2700
Karl Geary,27176.0,2.0,Dalfon,0.986,2700
Marco Bonini,27177.0,2.0,Bote Emissary,0.6,2700
Zakaria Atifi,2215967.0,0.0,Bigthan,0.6,2700
Renato Scarpa,14149.0,2.0,Eunuch,0.84,2700
Frank Baker,1706797.0,0.0,Ezra,0.6,2700
Soumaya Akaaboune,122311.0,1.0,1st Girl Harem,2.519,2700
Abdelmajid Lahssini,2922151.0,0.0,Teresh,0.6,2700
Mohamed Mehdi,2922152.0,0.0,Poratha,0.6,2700
Hanane Rag,2922153.0,0.0,Babylonian Girl,0.6,2700
Richard Egan,93105.0,2.0,King Ahasuerus,2.883,168408
Sergio Fantoni,34596.0,2.0,Haman,1.393,168408
Joan Collins,13637.0,1.0,Esther,4.175,168408
Denis O'Dea,85410.0,2.0,Mordecai,0.996,168408
Rik Battaglia,5565.0,2.0,Simon,1.216,168408
Renato Baldini,33549.0,2.0,Klydrathes,0.608,168408
Gabriele Tinti,31991.0,2.0,Samual,2.053,168408
Rosalba Neri,30664.0,1.0,Keresh,3.429,168408
Robert Buchanan,1575396.0,0.0,Hegai,0.6,168408
Daniela Rocca,83461.0,1.0,Queen Vashti,1.96,168408
Folco Lulli,2568.0,2.0,Tobiah,1.38,168408
Tiffany Dupont,87431.0,1.0,Hadassah / Esther,2.216,15005
Peter O'Toole,11390.0,2.0,"Samuel, the Prophet",4.472,15005
Luke Goss,10843.0,2.0,King Xerxes,6.721,15005
John Noble,1381.0,2.0,Prince Admantha,6.944,15005
Omar Sharif,5004.0,2.0,Prince Memucan,4.995,15005
John Rhys-Davies,655.0,2.0,Mordecai,15.665,15005
James Callis,9145.0,2.0,"Haman, the Agagite",3.477,15005
Tom 'Tiny' Lister Jr.,8396.0,2.0,"Hegai, the Royal Eunuch",4.434,15005
Javen Campbell,1077930.0,0.0,Prince Tarshish,0.6,15005
Jyoti Dogra,964980.0,1.0,Queen Vashti,0.6,15005
Neal Bhattacharya,1077931.0,0.0,Bigthan,0.6,15005
Jonah Lotan,1231512.0,2.0,Jesse,0.716,15005
Dilshad Patel,966629.0,0.0,Hannah,0.6,15005
Nimrat Kaur,1077932.0,1.0,Sarah,2.717,15005
Takesh Singh,1077933.0,0.0,"Harbona, the Eunuch",0.6,15005
Denzil Smith,933391.0,2.0,Prince Carshena,3.983,15005
Asif Basra,53107.0,2.0,Prince Marsena,1.698,15005
Tom Alter,1246733.0,2.0,King Saul (prologue),1.38,15005
Indraneel Bhattacharya,1252557.0,2.0,Bigthan,0.6,15005
Alyy Khan,81837.0,2.0,,1.539,15005
Mike Gwilym,26675.0,0.0,Pericles,0.694,119925
Juliet Stevenson,6238.0,1.0,Thaisa,1.708,119925
Amanda Redman,70633.0,1.0,Marina,1.429,119925
Patrick Allen,73980.0,2.0,King Simonides,1.586,119925
Patrick Godfrey,3568.0,2.0,Helicanus,1.4,119925
Norman Rodway,14818.0,2.0,Cleon of Tarsus,1.467,119925
Annette Crosbie,55688.0,1.0,Dionyza,1.367,119925
Edward Petherbridge,1220073.0,2.0,Gower,0.694,119925
John Woodvine,14465.0,2.0,King Antiochus,2.233,119925
Edita Brychta,59049.0,1.0,Antiochus' Daughter,1.31,119925
Robert Ashby,202494.0,0.0,Thaliard / Fifth Knight,0.6,119925
John Bardon,1214095.0,2.0,Lord of Tyre / Fisherman of Pentapolis / Storm Sailor,0.63,119925
Peter Gordon,1927159.0,0.0,Lord of Tyre / Pirate,0.6,119925
Iain Mitchell,71584.0,0.0,Lord of Tyre / Pirate,0.6,119925
Toby Salaman,1517240.0,2.0,Escanes / Pandar,1.22,119925
Christopher Saul,1576858.0,2.0,Lord of Tarsus / Fourth Knight,0.6,119925
Gordon Gostelow,135100.0,2.0,Fisherman of Pentapolis,0.611,119925
Richard Derrington,2048718.0,0.0,Fisherman of Pentapolis / Gentleman of Ephesus,0.6,119925
Roger Bizley,2227425.0,2.0,Marshal / Pirate,0.6,119925
Christopher Ravenscroft,1220062.0,0.0,First Knight / Gentleman of Ephesus,0.6,119925
Malcolm Kaye,1539378.0,2.0,Second Knight / Storm Sailor / Brothel Gentleman,0.6,119925
Adam Kurakin,1402849.0,2.0,Third Knight / Brothel Gentleman,0.6,119925
Edward Clayton,1687605.0,2.0,Lord of Pentapolis / Philemon,0.6,119925
Stephen Oxley,1540891.0,2.0,Lord of Pentapolis / Cerimon's Servant,0.6,119925
Valerie Lush,1545656.0,1.0,Lychorida,1.564,119925
Clive Swift,33108.0,2.0,Lord Cerimon,1.996,119925
Nick Brimble,8319.0,2.0,Leonine,3.002,119925
Trevor Peacock,42996.0,2.0,Boult,0.84,119925
Lila Kaye,14466.0,1.0,Bawd,1.4,119925
Patrick Ryecart,186269.0,2.0,Lysimachus,0.6,119925
Frances Kelly,2227426.0,0.0,Marina's Companion,0.6,119925
Elayne Sharling,1855476.0,0.0,The Goddess Diana,0.6,119925
Rodney James,2227427.0,0.0,Dancer,0.6,119925
Jinty Coventry,2227428.0,0.0,Dancer,0.6,119925
Mandy Demetriou,2227429.0,0.0,Dancer,0.6,119925
Chris Moppett,2227430.0,0.0,Dancer,0.6,119925
Jenny Karezi,1119889.0,1.0,Lysistrati,0.6,286405
Kostas Kazakos,135664.0,0.0,Kinisias,0.6,286405
Anna Fonsou,1119887.0,1.0,Myrini,0.743,286405
Dionysis Papagiannopoulos,932888.0,2.0,Provoulos,0.98,286405
Anna Matzourani,1119900.0,1.0,Coryphaea,0.6,286405
Spyros Konstadopoulos,1352405.0,2.0,Coryphaeus,0.98,286405
Maria Marmarinou,1352406.0,0.0,Kleoniki,0.6,286405
Vangelis Kazan,10333.0,2.0,"""Pregnant"" Spartan ""Woman""",0.608,286405
Giorgos Konstantinou,147220.0,2.0,Vlakometros / Ippias,0.6,178184
Katia Dandoulaki,26697.0,1.0,Lefkippi,1.294,178184
Thymios Karakatsanis,1035819.0,2.0,Poniridis,0.6,178184
Vasilis Mitsakis,1121078.0,2.0,Kronios,0.6,178184
Nikos Vastardis,1445088.0,2.0,Thespis,0.6,178184
Spyros Konstadopoulos,1352405.0,2.0,Kleisthenis,0.98,178184
Makis Demiris,1312583.0,2.0,,0.6,178184
Theodoros Katsadramis,1312754.0,2.0,,0.695,178184
Petros Lohaitis,1330444.0,2.0,Iaverios,0.6,178184
Christos Kalavrouzos,1144911.0,2.0,Kroton,0.828,178184
Olga Politou,1301104.0,1.0,Queen,0.6,178184
Giorgos Marinos,1455489.0,0.0,,0.6,178184
Dinos Doulgerakis,1146433.0,2.0,,0.6,178184
Vangelis Traiforos,2041919.0,2.0,,0.6,178184
Aggela Kazakidou,1663298.0,0.0,Lydia,0.6,178184
Peter Ustinov,14501.0,2.0,,3.734,383695
Geraldine Page,41283.0,1.0,,1.992,383695
Anthony Quayle,14371.0,2.0,,2.744,383695
Christopher Walken,4690.0,2.0,,8.772,383695
Jean Sylvère,579419.0,0.0,Socrate,0.6,74778
Anne Caprile,1068815.0,1.0,Santippe,1.052,74778
Giuseppe Mannajuolo,239659.0,2.0,Apollodoro,0.694,74778
Ricardo Palacios,32130.0,2.0,Critone,1.4,74778
Antonio Medina,1068818.0,0.0,Platone,0.6,74778
Lucas Belvaux,25854.0,2.0,Phèdre,0.6,138797
Jean Benguigui,35899.0,2.0,Apollodore,1.4,138797
Irene Papas,18847.0,1.0,Diotime,4.005,138797
Philippe Khorsand,24464.0,2.0,Aristophane,1.094,138797
Renato Cortesi,103120.0,2.0,Pausanias,0.972,138797
Ugo Tognazzi,32312.0,2.0,,0.753,138797
Roger Van Hool,28190.0,2.0,,1.96,138797
Jean-Pierre Kalfon,16350.0,2.0,,0.996,138797
Farid Chopel,70427.0,2.0,,0.679,138797
Sean Connery,738.0,2.0,"Alexander, King of Macedon",9.855,458191
Margaretta Scott,33268.0,1.0,The Queen Mother,0.6,458191
William Russell,32041.0,2.0,Hephaestion,1.176,458191
Lyndon Brook,88663.0,2.0,Philotas,0.6,458191
Paul Stassino,125908.0,2.0,,0.73,458191
William Devlin,552409.0,2.0,,0.98,458191
Alan Tilvern,12828.0,2.0,,0.6,458191
Alex Scott,65024.0,2.0,,1.38,458191
Edward Cast,1484587.0,2.0,,0.98,458191
Michael Brennan,119667.0,2.0,,0.612,458191
Noel Hood,30191.0,1.0,,1.4,458191
Walter Brown,1407815.0,0.0,,0.6,458191
Bandana Das Gupta,1555392.0,0.0,,0.6,458191
Tutte Lemkow,1231662.0,2.0,,1.566,458191
Walter Randall,1230565.0,2.0,,0.6,458191
Richard Burton,5341.0,2.0,Alexander,1.711,42668
Fredric March,13576.0,2.0,Philip of Macedonia,1.129,42668
Claire Bloom,29545.0,1.0,Barsine,1.777,42668
Barry Jones,48959.0,2.0,Aristotle,1.196,42668
Harry Andrews,19463.0,2.0,Darius,1.821,42668
Stanley Baker,67449.0,2.0,Attalus,1.192,42668
Niall MacGinnis,93163.0,2.0,Parmenio,0.6,42668
Peter Cushing,5.0,2.0,Memmon,5.471,42668
Michael Hordern,39741.0,2.0,Demosthenes,3.646,42668
Danielle Darrieux,236016.0,1.0,Olympias,0.98,42668
Peter Wyngarde,22529.0,2.0,Pausanias,1.38,42668
William Squire,16271.0,2.0,Aeschenes,1.094,42668
Carlos Baena,1130461.0,0.0,Nearchus,0.6,42668
Christopher Lee,113.0,2.0,Nectenabus (voice),6.274,42668
Virgílio Teixeira,103469.0,2.0,Ptolemy,0.84,42668
Marisa de Leza,227994.0,1.0,Eurydice (as Marisa De Leza),0.972,42668
Gustavo Rojo,30830.0,2.0,Cleitus,1.03,42668
Rubén Rojo,105149.0,2.0,Philotas (as Ruben Rojo),1.38,42668
Helmut Dantine,4122.0,2.0,Nectenabus,0.6,42668
Friedrich von Ledebur,91971.0,2.0,Antipater (as Friedrich Ledebur),1.866,42668
Virgílio Teixeira,103469.0,2.0,Ptolemy (as Virgilio Texeira),0.84,42668
Teresa del Río,1035307.0,1.0,Roxane (as Teresa Del Rio),0.614,42668
Julio Peña,12742.0,2.0,Arsites,0.648,42668
José Nieto,14822.0,2.0,Spithridates (as Jose Nieto),1.048,42668
Larry Taylor,83134.0,2.0,Perdiccas,1.38,42668
José Marco,100690.0,2.0,Harpalus (as Jose Marco),1.214,42668
Ricardo Valle,98758.0,2.0,Hephaestion,0.6,42668
Carmen Carulla,2028793.0,0.0,Stateira,0.6,42668
Jesús Luque,2028794.0,0.0,Aristander (as Jesus Luque),0.6,42668
Ramsay Ames,103347.0,1.0,Drunken Woman (as Ramsey Ames),0.697,42668
Ellen Rossen,2028795.0,0.0,Amytis,0.6,42668
Carlos Acevedo,1008404.0,0.0,Ochus,0.6,42668
Jeanne Valérie,133053.0,1.0,Salambo,1.588,228867
Jacques Sernas,102026.0,2.0,Mathos,1.8,228867
Edmund Purdom,26155.0,2.0,,1.996,228867
Arnoldo Foà,84250.0,2.0,,0.6,228867
Riccardo Garrone,5968.0,2.0,,0.6,228867
Kamala Devi,117144.0,1.0,,0.6,228867
Charles Fawcett,101591.0,2.0,,0.6,228867
Brunella Bovo,937248.0,1.0,,1.114,228867
Andrea Aureli,142134.0,0.0,,0.6,228867
Raf Baldassarre,50782.0,2.0,,1.38,228867
Nando Tamberlani,98789.0,0.0,,0.6,228867
Ivano Staccioli,85984.0,2.0,,1.214,228867
Antonio Basile,32680.0,0.0,,0.6,228867
Pasquale Basile,237342.0,0.0,,1.008,228867
Vittorio Duse,32676.0,2.0,,1.312,228867
Franco Franchi,127040.0,2.0,,0.6,228867
Ferdinando Poggi,114645.0,2.0,,0.6,228867
Faustone Signoretti,1979911.0,2.0,,0.6,228867
Rinaldo Zamperla,50787.0,0.0,,1.4,228867
Rory Calhoun,19181.0,2.0,Dario,1.854,43020
Lea Massari,20882.0,1.0,Diala,1.407,43020
Georges Marchal,9767.0,2.0,Peliocle,1.932,43020
Conrado San Martín,98756.0,2.0,Tireo / Thar,0.6,43020
Ángel Aranda,98487.0,2.0,Koros,0.84,43020
Mabel Karr,98747.0,1.0,Mirte,0.84,43020
Mimmo Palmara,22477.0,2.0,Ares,1.704,43020
Roberto Camardiel,97114.0,2.0,Serse,0.953,43020
Alfio Caltabiano,1125205.0,0.0,Creonte,1.135,43020
George Rigaud,31695.0,2.0,Lisippo,1.38,43020
Yann Larvor,2348296.0,0.0,Mahor,0.6,43020
Carlo Tamberlani,37784.0,2.0,Xenon,0.98,43020
Félix Fernández,937062.0,2.0,Carete,0.985,43020
Ignazio Dolce,31992.0,2.0,,0.6,43020
Antonio Casas,103529.0,2.0,Phoenician Ambassador,1.008,43020
Fernando Calzado,1179716.0,0.0,Sirione,0.6,43020
Arturo Cabré,2498920.0,0.0,(uncredited),0.6,43020
Álvaro de Luna,228494.0,2.0,(uncredited),0.6,43020
Ángel Menéndez,99560.0,0.0,Eteocle (uncredited),1.383,43020
Nello Pazzafini,32679.0,2.0,(uncredited),1.45,43020
Gustavo Re,40975.0,2.0,Mercante (uncredited),0.6,43020
José María Vilches,2182929.0,0.0,Eros (uncredited),0.6,43020
Shintarō Katsu,80704.0,2.0,Emperor Shih Huang Ti,1.4,68906
Fujiko Yamamoto,97209.0,1.0,Princess Chu,0.6,68906
Ken Utsui,78496.0,2.0,Crown Prince Tan,1.38,68906
Hiroshi Kawaguchi,554323.0,2.0,Hsi Liang,1.38,68906
Ayako Wakao,97210.0,1.0,Chiang-nu,2.102,68906
Kōjirō Hongō,111948.0,2.0,Li Hei,0.694,68906
Raizō Ichikawa,128022.0,2.0,Ching Ko,0.94,68906
Isuzu Yamada,33761.0,1.0,Dowager Empress,1.4,68906
Eijirō Tōno,106165.0,2.0,Li Tang,1.22,68906
Gai Harada,554324.0,0.0,,0.6,68906
Kazuo Hasegawa,97207.0,2.0,,0.6,68906
Junko Kano,554325.0,1.0,,1.454,68906
Machiko Kyō,7451.0,1.0,,2.546,68906
Ken Mitsuda,134321.0,2.0,Mencius,0.98,68906
Ganjirô Nakamura II,1378968.0,2.0,Hsu Fu,1.932,68906
Esther Williams,129520.0,1.0,Amytis,1.03,113743
Howard Keel,39601.0,2.0,Hannibal,1.231,113743
Marge Champion,148669.0,1.0,Meta,1.38,113743
Gower Champion,118222.0,2.0,Varius,1.4,113743
George Sanders,3361.0,2.0,Fabius Maximus,1.579,113743
Richard Haydn,29283.0,2.0,Horatio,1.641,113743
William Demarest,21510.0,2.0,Mago,2.174,113743
Norma Varden,10926.0,1.0,Fabia,2.013,113743
Douglass Dumbrille,34748.0,2.0,Scipio,1.4,113743
Lovyss Bradley,569321.0,1.0,,1.4,113743
Victor Mature,30290.0,2.0,Hannibal,4.803,169818
Gabriele Ferzetti,4961.0,2.0,Senator Quintus Fabius,2.322,169818
Rita Gam,120391.0,1.0,Sylvia,0.769,169818
Milly Vitale,94314.0,1.0,Danila,0.702,169818
Rik Battaglia,5565.0,2.0,Hasdrubal,1.216,169818
Franco Silva,37773.0,0.0,Maharbal,0.694,169818
Terence Hill,15140.0,2.0,Quintilius,6.702,169818
Mirko Ellis,140436.0,2.0,Magone,1.166,169818
Andrea Aureli,142134.0,0.0,Konsul Gajus Terentius Varro,0.6,169818
Andrea Fantasia,946026.0,2.0,Konsul Paulus Emilius,0.6,169818
Renzo Cesana,110205.0,2.0,Minitius,1.62,169818
Bud Spencer,18841.0,2.0,Rutario,5.287,169818
Pina Bottin,1127310.0,0.0,"Claudia, ancella di Silvia",0.6,169818
Remo De Angelis,52999.0,2.0,Römer,1.4,169818
Piero Mitri,2533008.0,0.0,,0.6,169818
Mario Pisu,39019.0,2.0,Sacerdote,0.767,169818
Franco Dominici,2533009.0,2.0,Minitius,0.6,169818
Enzo Fiermonte,39165.0,2.0,Announcer in Senate,1.4,169818
Andrea Esterhazy,39431.0,1.0,Slave,0.6,169818
Piero Tiberi,587453.0,0.0,Hannibal's Son,0.6,169818
Bruno Ariè,1140892.0,2.0,Wrestler (uncredited),0.6,169818
Nello Pazzafini,32679.0,2.0,Wrestler - Last Winner (uncredited),1.45,169818
Marcello Mastroianni,5676.0,2.0,,5.417,273868
Silvana Mangano,12520.0,1.0,,3.263,273868
Vittorio Gassman,12259.0,2.0,,3.108,273868
Ruggero Mastroianni,32053.0,2.0,,1.214,273868
Turi Ferro,50003.0,0.0,,1.22,273868
Woody Strode,4963.0,2.0,,2.525,273868
Brad Harris,37722.0,2.0,Simon,1.334,330395
Mara Lane,48018.0,1.0,Diotima,0.652,330395
Carlo Tamberlani,37784.0,2.0,Mattatia,0.98,330395
Pierre Brasseur,24476.0,2.0,Sidone,0.612,207234
Daniel Gélin,24814.0,2.0,Phegor,1.435,207234
Anne Heywood,32913.0,1.0,Fulvia,0.6,207234
Aldo Silvani,5404.0,2.0,Hermon,1.382,207234
Terence Hill,15140.0,2.0,Tsour,6.702,207234
Ilaria Occhini,24424.0,1.0,Ophir,0.614,207234
Paolo Stoppa,4962.0,2.0,Astarito,1.566,207234
José Suárez,42014.0,2.0,Hiram,0.6,207234
Gianrico Tedeschi,21238.0,2.0,Eleo,1.22,207234
Edith Peters,67969.0,1.0,Sarepta,0.6,207234
Cesare Fantoni,950131.0,2.0,Assian,1.4,207234
Fortunato Arena,144612.0,0.0,Soldier on Hiram's Ship,1.4,207234
Audrey McDonald,1736893.0,0.0,,0.6,207234
Gustavo Rojo,30830.0,2.0,,1.03,205031
Abbe Lane,162246.0,1.0,,1.344,205031
Gordon Mitchell,30898.0,2.0,,1.96,205031
Erno Crisa,37728.0,2.0,,0.714,205031
Piero Lulli,45035.0,2.0,,2.776,205031
Franca Parisi,89127.0,1.0,,0.6,205031
Mario Petri,128243.0,2.0,,0.997,205031
Silvana Jachino,351074.0,1.0,,0.84,205031
Massimo Carocci,1052770.0,0.0,,0.694,205031
Ignazio Leone,144994.0,2.0,,0.6,205031
Fedele Gentile,1046563.0,2.0,,0.6,205031
Rosanna Fattori,1187442.0,0.0,,0.6,205031
Kirk Douglas,2090.0,2.0,Spartacus,4.498,967
Laurence Olivier,3359.0,2.0,Marcus Licinius Crassus,5.962,967
Jean Simmons,14500.0,1.0,Varinia,8.031,967
Charles Laughton,10921.0,2.0,Sempronius Gracchus,3.606,967
Peter Ustinov,14501.0,2.0,Lentulus Batiatus,3.734,967
John Gavin,7304.0,2.0,Julius Caesar,2.845,967
Nina Foch,13026.0,1.0,Helena Glabrus,3.668,967
John Ireland,14502.0,2.0,Crixus,2.602,967
Herbert Lom,14503.0,2.0,Tigranes Levantus,2.003,967
John Dall,14504.0,2.0,Marcus Publius Glabrus,0.986,967
Woody Strode,4963.0,2.0,Draba,2.525,967
Harold J. Stone,14505.0,2.0,David,1.126,967
Charles McGraw,8233.0,2.0,Marcellus,1.486,967
Joanna Barnes,14506.0,1.0,Claudia Marius,4.242,967
Peter Brocco,7074.0,2.0,Ramon,1.4,967
Paul Lambert,14507.0,2.0,Gannicus,1.066,967
Robert J. Wilke,2096.0,2.0,Guard captain,1.586,967
Nick Dennis,2757.0,2.0,Dionysius,1.27,967
John Hoyt,14508.0,2.0,Caius,2.688,967
Frederick Worlock,14509.0,2.0,Laelius,0.985,967
Tony Curtis,3150.0,2.0,Antoninus,2.836,967
Paul Baxley,1433439.0,2.0,Gladiator (uncredited),0.732,967
Louie Elias,1190650.0,2.0,Gladiator (uncredited),0.98,967
Brad Harris,37722.0,2.0,Gladiator (uncredited),1.334,967
Hubie Kerns,1433453.0,0.0,Gladiator (uncredited),0.6,967
Gordon Mitchell,30898.0,2.0,Gladiator (uncredited),1.96,967
Regis Parton,1244683.0,2.0,Gladiator (uncredited),0.6,967
Victor Paul,1231235.0,2.0,Gladiator (uncredited),0.6,967
Jack Perkins,1217498.0,2.0,Gladiator (uncredited),0.6,967
Wally Rose,165973.0,2.0,Gladiator (uncredited),0.6,967
Aaron Saxon,1467009.0,0.0,Gladiator (uncredited),0.6,967
Tom Steele,34101.0,0.0,Gladiator (uncredited),0.6,967
Jerry Summers,174356.0,2.0,Gladiator (uncredited),0.6,967
Shari Lee Bernath,50575.0,1.0,Little Girl (uncredited),0.812,967
Bill Blackburn,1214943.0,2.0,Prisoner (uncredited),0.6,967
David Bond,105572.0,2.0,Slave (uncredited),0.6,967
Polly Burson,562715.0,0.0,Slave (uncredited),0.6,967
Carol Daniels,1088497.0,0.0,Slave Girl (uncredited),0.6,967
Lila Finn,999656.0,1.0,Slave (uncredited),0.6,967
Harold Goodwin,80545.0,2.0,Slave (uncredited),1.153,967
Sol Gorss,2659.0,2.0,Slave Leader (uncredited),0.996,967
Betty Harford,1234570.0,1.0,Slave (uncredited),0.692,967
Harry Harvey Jr.,118638.0,2.0,Slave (uncredited),0.6,967
Wayne Heffley,161741.0,2.0,Slave Guard (uncredited),0.6,967
Lars Hensen,1507184.0,2.0,Slave (uncredited),1.4,967
Charles Horvath,151463.0,2.0,Slave Leader (uncredited),0.6,967
Shep Houghton,1468755.0,0.0,Slave (uncredited),0.6,967
Pete Kellett,138378.0,2.0,Slave (uncredited),0.6,967
Joan McKellen,1482454.0,0.0,Slave (uncredited),0.6,967
Eddie Parker,34103.0,2.0,Slave (uncredited),0.702,967
Gil Perkins,1214919.0,2.0,Slave Leader (uncredited),1.684,967
Chuck Roberson,50310.0,0.0,Slave (uncredited),0.6,967
Frosty Royce,1300131.0,0.0,Slave (uncredited),0.6,967
Autumn Russell,1062053.0,1.0,Slave Girl (uncredited),0.6,967
Kay Stewart,178336.0,1.0,Slave (uncredited),1.094,967
Kay Stewart,178336.0,1.0,Slave Girl (uncredited),1.094,967
Helen Thurston,7345.0,1.0,Slave (uncredited),0.6,967
Louise Vincent,185265.0,1.0,Slave at Gracchus' Home (uncredited),1.02,967
Joe Canutt,217763.0,2.0,Soldier (uncredited),0.6,967
Bill Catching,1417620.0,2.0,Soldier (uncredited),0.6,967
Chuck Courtney,95742.0,2.0,Soldier (uncredited),0.652,967
Chuck Hayward,114232.0,2.0,Soldier (uncredited),0.98,967
Robert F. Hoy,151442.0,2.0,Soldier (uncredited),1.55,967
Valley Keene,1358474.0,0.0,Soldier (uncredited),0.6,967
George Kennedy,12950.0,2.0,Rebel Soldier (uncredited),3.422,967
Cliff Lyons,190775.0,2.0,Soldier (uncredited),0.6,967
Bill Raisch,1242437.0,2.0,Soldier Whose Arm is Hacked Off (uncredited),0.6,967
Buddy Van Horn,66226.0,2.0,Soldier (uncredited),1.695,967
Jack Williams,209585.0,2.0,Soldier (uncredited),1.38,967
Paul E. Burns,96302.0,2.0,Fimbria (uncredited),0.606,967
Wayne Burson,160426.0,2.0,Guard (uncredited),0.6,967
Dick Crockett,14256.0,2.0,Guard (uncredited),1.708,967
John Daheim,91218.0,2.0,Capua Guard (uncredited),1.4,967
Carey Loftin,12431.0,2.0,Guard (uncredited),2.241,967
Harvey Parry,4130.0,0.0,Guard (uncredited),0.6,967
Ronnie Rondell Jr.,161824.0,2.0,Guard (uncredited),0.6,967
Don Turner,940651.0,2.0,Guard (uncredited),0.694,967
Peter Virgo,81973.0,2.0,Guard (uncredited),0.6,967
Fred Zendar,184662.0,0.0,Guard (uncredited),0.6,967
Ted de Corsia,2097.0,2.0,Legionnaire (uncredited),1.324,967
Terence de Marney,100790.0,2.0,Majordomo (uncredited),1.025,967
Johnny Duncan,1061015.0,0.0,Beheaded Man (uncredited),0.631,967
Roy Engel,100582.0,2.0,Roman Businessman (uncredited),0.61,967
Paul Keast,1338752.0,0.0,Roman Businessman (uncredited),0.694,967
Kenner G. Kemp,1130451.0,2.0,Roman Senator (uncredited),0.716,967
Paul Kruger,119486.0,2.0,Roman Senator (uncredited),0.728,967
Otto Malde,1423324.0,0.0,Roman General (uncredited),0.98,967
Scott Seaton,1364421.0,2.0,Roman Senator (uncredited),0.6,967
Richard Farnsworth,5605.0,2.0,Salt Mine Slave / Gladiator / Slave General (uncredited),3.571,967
Logan Field,151528.0,2.0,Centurion (uncredited),0.6,967
John Stephenson,15869.0,2.0,Centurion (uncredited),3.921,967
Robert Fuller,38129.0,2.0,Extra (uncredited),2.955,967
Jeanne Gerson,1076619.0,0.0,Woman Selling Chestnuts (uncredited),0.608,967
Seamon Glass,153393.0,2.0,Pirate (uncredited),0.608,967
Preston Peterson,1287916.0,0.0,Pirate (uncredited),0.6,967
George Robotham,34131.0,2.0,Pirate (uncredited),0.98,967
James Griffith,3347.0,2.0,Otho (uncredited),1.002,967
Jack Grinnage,2788.0,2.0,Petitioner (uncredited),1.109,967
Anthony Jochim,94205.0,0.0,Petitioner (uncredited),0.6,967
Joe Haworth,159549.0,2.0,Marius (uncredited),0.6,967
Vinton Hayworth,153309.0,2.0,Metallius (uncredited),1.96,967
Loren Janes,951607.0,2.0,Salt Mine Slave / Gladiator / Slave General (uncredited),1.38,967
Jil Jarmyn,246269.0,1.0,Julia (uncredited),1.116,967
Aron Kincaid,98169.0,2.0,Crassus' Standard-Bearer (uncredited),1.4,967
Dayton Lummis,88887.0,2.0,Symmachus (uncredited),1.62,967
Bob Morgan,190776.0,2.0,Galeno (uncredited),0.6,967
Tracy Olsen,135069.0,1.0,Girl (uncredited),0.98,967
Leonard Penn,144381.0,2.0,Garrison Officer (uncredited),1.4,967
Vic Perrin,15949.0,2.0,Narrator (voice) (uncredited),3.151,967
Larry Thor,85774.0,2.0,Staff Officer (uncredited),0.6,967
Dale van Sickel,34094.0,2.0,Trainer (uncredited),0.625,967
Carleton Young,2098.0,2.0,Herald (uncredited),1.116,967
Duke Fishman,1547818.0,2.0,Roman Senator (uncredited),1.15,967
Robert Stevenson,1591738.0,2.0,Legionnaire (uncredited),0.6,967
John Barton,1600055.0,0.0,Slave (uncredited),0.6,967
Jerry Brown,1600058.0,0.0,Soldier (uncredited),0.6,967
John Benson,1559631.0,0.0,Guard (uncredited),0.732,967
Rossana Podestà,128330.0,1.0,Antea,1.91,284016
Guy Madison,40201.0,2.0,Marco Valerio,1.47,284016
Mario Petri,128243.0,2.0,Lyricus,0.997,284016
Giacomo Rossi-Stuart,22479.0,2.0,,0.6,284016
Raf Baldassarre,50782.0,2.0,,1.38,284016
Ignazio Leone,144994.0,2.0,,0.6,284016
Ferdinando Poggi,114645.0,2.0,,0.6,284016
Mirko Boman,63884.0,2.0,,0.6,284016
Goffredo Unger,100956.0,2.0,,0.6,284016
Steve Reeves,39162.0,2.0,Randus,3.72,208835
Jacques Sernas,102026.0,2.0,Vetius,1.8,208835
Gianna Maria Canale,57472.0,1.0,Claudia,1.62,208835
Claudio Gora,32677.0,2.0,Crassus,1.008,208835
Ombretta Colli,101114.0,0.0,Saide,1.214,208835
Roland Bartrop,153154.0,2.0,Lumonius,0.615,208835
Franco Balducci,29431.0,2.0,Verus,0.6,208835
Enzo Fiermonte,39165.0,2.0,Gulbar,1.4,208835
Renato Baldini,33549.0,2.0,Verulus,0.608,208835
Gloria Parri,2212311.0,1.0,Egyptian slave woman,0.6,208835
Ivo Garrani,84251.0,0.0,Julius Caesar - Roman Triunvir,0.98,208835
Ahmed Ramzy,1233926.0,2.0,Murdok - a Lybian Chief,0.6,208835
Claude Rains,4113.0,2.0,Julius Caesar,1.411,31561
Vivien Leigh,10538.0,1.0,Cleopatra,4.4,31561
Stewart Granger,41235.0,2.0,Apollodorus,1.297,31561
Flora Robson,30126.0,1.0,Ftatateeta,1.26,31561
Francis L. Sullivan,93900.0,2.0,Pothinus,0.65,31561
Basil Sydney,50998.0,2.0,Rufio,1.4,31561
Cecil Parker,14300.0,2.0,Britannus,0.984,31561
Raymond Lovell,115376.0,0.0,Lucius Septimus,1.128,31561
Anthony Eustrel,143579.0,2.0,Achillas,0.6,31561
Ernest Thesiger,2925.0,2.0,Theodotus,1.454,31561
Anthony Harvey,12009.0,2.0,Ptolemy,0.6,31561
Robert Adams,106991.0,2.0,Nubian Slave,0.6,31561
Olga Edwardes,601629.0,1.0,Cleopatra's Lady Attendant,2.44,31561
Stanley Holloway,12727.0,2.0,Belzanor,3.774,31561
Michael Rennie,12282.0,2.0,1st Centurion,2.666,31561
Esme Percy,47668.0,0.0,Major Domo,1.4,31561
Leo Genn,29655.0,2.0,Bel Affris,1.337,31561
Alan Wheatley,97245.0,2.0,Persian,0.6,31561
Charles Victor,97425.0,2.0,1st Porter,0.6,31561
Ronald Shiner,592570.0,2.0,2nd Porter,0.6,31561
John Laurie,3673.0,2.0,1st. Auxiliary Sentinel,0.857,31561
James McKechnie,146551.0,2.0,2nd. Centurion,1.141,31561
Anthony Holles,95028.0,2.0,Boatman,0.98,31561
John Bryning,1053796.0,0.0,Sentinel,0.6,31561
Charles Rolfe,1196677.0,2.0,2nd. Auxiliary Sentinel,0.6,31561
Felix Aylmer,85345.0,2.0,1st. Nobleman,1.788,31561
Ivor Barnard,89209.0,2.0,2nd. Nobleman,0.98,31561
Valentine Dyall,47480.0,2.0,1st. Guardsman,1.4,31561
Charles Deane,1100722.0,2.0,2nd. Guardsman,0.6,31561
B.Q. Alakija,2526151.0,0.0,Ethiopian Dancer (uncredited),0.6,31561
Chick Alexander,2376570.0,0.0,Major Domo's Attendant (uncredited),0.6,31561
Hylton Allen,1556302.0,0.0,Councillor (uncredited),0.6,31561
Renée Asherson,20055.0,1.0,Iras (uncredited),0.828,31561
Marie Ault,27911.0,1.0,Egyptian Lady (uncredited),0.738,31561
Peter Bayliss,192856.0,2.0,Aide to Mithridates (uncredited),0.699,31561
André Belhomme,2526153.0,2.0,Boatman (uncredited),0.6,31561
Agnes Bernelle,1236748.0,1.0,Lady in Waiting (uncredited),0.6,31561
June Black,2526154.0,0.0,Lady in Waiting (uncredited),0.6,31561
Mary Boyle,2526155.0,0.0,Lady in Waiting (uncredited),0.6,31561
Dorothy Bramhall,224019.0,0.0,Lady (uncredited),0.6,31561
Bernard Bright,2526156.0,0.0,Ethiopian Dancer (uncredited),0.6,31561
Olwen Brookes,1386385.0,1.0,Slave Girl (uncredited),0.6,31561
Ena Burrill,2526157.0,0.0,Egyptian Lady (uncredited),0.6,31561
Mihalis Kakogiannis,65843.0,2.0,Councillor (uncredited),2.188,31561
Alice Calvert,2526158.0,0.0,Lady in Waiting (uncredited),0.6,31561
Cecil Calvert,2526160.0,0.0,Councillor (uncredited),0.6,31561
Bob Cameron,1798212.0,0.0,Bucinator (uncredited),0.6,31561
Jill Carpenter,2526162.0,0.0,Lady in Waiting (uncredited),0.6,31561
Gerald Case,224018.0,2.0,Roman Tax Officer (uncredited),0.6,31561
O.B. Clarence,558276.0,2.0,Egyptian (uncredited),0.98,31561
Paul Croft,1555948.0,2.0,Councillor (uncredited),0.6,31561
Jackie Daniels,1846832.0,0.0,Lady (uncredited),0.6,31561
Ronald Davidson,2526164.0,0.0,Roman Officer (uncredited),0.6,31561
Anna Davis,2526165.0,0.0,Lady in Waiting (uncredited),0.6,31561
Daphne Day,2526166.0,0.0,Lady in Waiting (uncredited),0.6,31561
Bernard de Gautier,2526168.0,0.0,Assistant Palace Official (uncredited),0.6,31561
Nantando de Villiers,2526169.0,0.0,Fan Girl (uncredited),0.6,31561
Roy Ellett,2526170.0,0.0,Councillor (uncredited),0.6,31561
Lilla Erulkar,2526171.0,0.0,Lady in Waiting (uncredited),0.6,31561
Margaret Fernald,2526172.0,0.0,Lady (uncredited),0.6,31561
Ingrid Forrest,2058261.0,0.0,Dancer (uncredited),0.6,31561
Harold Franklyn,2526174.0,0.0,Boatman (uncredited),0.6,31561
Toni Gable,1533981.0,0.0,Lady (uncredited),0.98,31561
Gordon Gantry,2526175.0,0.0,Roman Officer (uncredited),0.6,31561
Renee Gilbert,2526176.0,0.0,Slave Girl (uncredited),0.6,31561
Babette Griffin,2526177.0,0.0,Lady (uncredited),0.6,31561
Kathleen Harrison,96421.0,1.0,Egyptian Woman (uncredited),2.758,31561
Margaret Harvey,2526178.0,0.0,Lady (uncredited),0.6,31561
Michael Martin Harvey,1198648.0,0.0,Councillor (uncredited),0.6,31561
Billy Holland,1177626.0,0.0,Roman Officer (uncredited),0.6,31561
Jean Hulley,2526179.0,0.0,Lady in Waiting (uncredited),0.6,31561
Hamilton Humphries,2526180.0,0.0,Auxiliary Roman Sentinel (uncredited),0.6,31561
Moya Iles,2526181.0,0.0,Slave Girl (uncredited),0.6,31561
Basil Jayson,2526182.0,0.0,Mithridates (uncredited),0.6,31561
Virginia Keiley,1126706.0,0.0,Lady in Waiting (uncredited),0.6,31561
Frederick Kelsey,2526184.0,0.0,Senator (uncredited),0.6,31561
Gerhard Kempinski,936930.0,2.0,Angry Boatman (uncredited),0.6,31561
Kay Kendall,142385.0,1.0,Slave Girl (uncredited),1.4,31561
Don Kenito,2526187.0,0.0,Singing Boatman (uncredited),0.6,31561
Rita Lancaster,2526188.0,0.0,Lady (uncredited),0.6,31561
Harry Lane,1065258.0,2.0,Councillor (uncredited),0.98,31561
Hilda Lawrence,2526189.0,0.0,Slave Girl (uncredited),0.6,31561
Alan Lewis,1463137.0,2.0,Councillor (uncredited),0.6,31561
Peter Lilley,2526191.0,0.0,Roman Officer (uncredited),0.6,31561
Leonard Llewellyn,2526192.0,0.0,Palace Official (uncredited),0.6,31561
Peter Lord,2526193.0,0.0,Special Roman Centurian (uncredited),0.98,31561
George Luck,2526194.0,0.0,Councillor (uncredited),0.6,31561
Mary Macklin,2526195.0,0.0,Lady (uncredited),0.6,31561
H.F. Maltby,27947.0,2.0,Councillor (uncredited),0.6,31561
Zena Marshall,9875.0,1.0,Lady-in-Waiting (uncredited),0.722,31561
Gibb McLaughlin,109864.0,2.0,High Priest (uncredited),0.648,31561
Barry Meaton,2526196.0,0.0,Councillor (uncredited),0.6,31561
Mary Midwinter,2526197.0,0.0,Lady in Waiting (uncredited),0.6,31561
Roma Milne,2513691.0,0.0,Fan Girl (uncredited),0.6,31561
Charles Minor,2526198.0,0.0,Boatman (uncredited),0.6,31561
Anne Moore,2526199.0,0.0,Slave Girl (uncredited),0.6,31561
Roger Moore,10222.0,2.0,Roman Soldier (uncredited),5.379,31561
Cathleen Nesbitt,46098.0,1.0,Egyptian Lady (uncredited),0.662,31561
Shaun Noble,153026.0,2.0,Aide to Achillas (uncredited),0.694,31561
Louise Nolan,2526200.0,0.0,Lady (uncredited),0.6,31561
Charles Paton,7382.0,2.0,Councillor (uncredited),0.98,31561
Ingrid Puxon,2526201.0,0.0,Lady in Waiting (uncredited),0.6,31561
Jean Richards,1198204.0,0.0,Lady in Waiting (uncredited),0.6,31561
Princess Roshanara,2526202.0,0.0,Lady (uncredited),0.6,31561
Roy Russell,588602.0,2.0,Councillor (uncredited),0.6,31561
Anne Sassoon,2526203.0,0.0,Slave Girl (uncredited),0.6,31561
Jean Simmons,14500.0,1.0,Harpist (uncredited),8.031,31561
Eve Smith,1178195.0,1.0,Fan Girl (uncredited),0.6,31561
Don Stannard,146946.0,2.0,Roman Officer (uncredited),0.6,31561
Russell Thorndike,84283.0,0.0,Harpist's Master (uncredited),0.968,31561
Ludwig von Wohl,28121.0,0.0,Palace Official (uncredited),0.98,31561
Abdul Wahab,1809366.0,0.0,Cleopatra's Attendant (uncredited),0.6,31561
C. Jervis Walter,2526204.0,0.0,Councillor (uncredited),0.6,31561
Wilfred Walter,97237.0,0.0,Councillor (uncredited),0.6,31561
Mackenzie Ward,592393.0,0.0,Councillor (uncredited),0.6,31561
Jeanee Williams,2526205.0,0.0,Lady in Waiting (uncredited),0.6,31561
Pascale Petit,36211.0,1.0,Cleopatra,1.614,330627
George Ardisson,38098.0,2.0,Achillas,1.96,330627
Rik Battaglia,5565.0,2.0,Lucius,1.216,330627
Corrado Pani,123910.0,2.0,Ptolemy,1.008,330627
Franco Volpi,50008.0,0.0,Apollodorus,0.6,330627
Ennio Balbo,1049841.0,2.0,Theodotus,0.612,330627
Nerio Bernardi,99530.0,2.0,Scaurus,1.473,330627
Aurora de Alba,97631.0,1.0,Rabis,1.342,330627
Nando Angelini,89283.0,0.0,Sextus Pompeius,1.4,330627
Barbara Loy,1121924.0,0.0,,0.6,330627
Nino Marchetti,1262842.0,2.0,Pompey's Messenger,1.094,330627
Barbara Nardi,2960607.0,0.0,Servant,0.6,330627
Piero Palermini,98787.0,2.0,Afranio,0.6,330627
Akim Tamiroff,30719.0,2.0,Pompey,2.981,330627
Gordon Scott,129313.0,2.0,Julius Caesar,0.98,330627
Giovanni Cianfriglia,50745.0,2.0,Commerciante #1 (uncredited),0.667,330627
Benito Stefanelli,4661.0,2.0,Commerciante #2 (uncredited),2.226,330627
Loray White,1776736.0,1.0,Cleopatra,0.6,112424
Johnny Rocco,1135664.0,0.0,Antony,0.6,112424
Jay Edwards,194760.0,2.0,Caesar,1.38,112424
Dixie Donovan,1063501.0,0.0,Charmain,0.6,112424
John Vincent,1085233.0,2.0,Enobarbus,0.6,112424
Christopher Stone,1288337.0,2.0,Demetrius,0.6,112424
Ronald South,558560.0,0.0,Lepidus (as Ron Smith),0.6,112424
Larry Martinelli,1112210.0,2.0,Brutus,0.6,112424
James Brand,1302662.0,2.0,Centurion,0.6,112424
Frank Cuva,1174845.0,2.0,Messenger (as Frank James),0.728,112424
Suzanne Fields,33567.0,1.0,Slave Girl,1.4,112424
Neola Graef,1262567.0,1.0,Orgy Girl (uncredited),0.6,112424
Casey Larrain,100163.0,0.0,Orgy Girl (uncredited),0.6,112424
Cheryl Powell,1122862.0,1.0,Orgy Girl at Sacrifice,0.6,112424
Marcella Petrelli,1174243.0,1.0,Cleopatra,1.997,326088
Rita Silva,1148749.0,1.0,Kelmis,0.6,326088
Jacques Stany,93126.0,2.0,Julius Caesar,0.694,326088
Andrea Coppola,230677.0,2.0,Spurina,1.96,326088
Venantino Venantini,22312.0,2.0,Dolabella,2.376,326088
Mónica Zanchi,100425.0,1.0,"Ananka, the 'sick' girl",1.388,326088
Maurizio Faraoni,1604910.0,0.0,,0.6,326088
Paul Branco,1604911.0,0.0,,0.656,326088
Franca Torlone,1604912.0,0.0,,0.6,326088
Jac Perac,1604913.0,0.0,,0.6,326088
Filippo Perrone,1046523.0,0.0,,0.6,326088
Annie Trevilly,1604914.0,0.0,,0.6,326088
Monica Ciprari,1604915.0,0.0,,0.6,326088
Flo Astair,1604916.0,0.0,,0.6,326088
Alessandra Tani,1604917.0,0.0,,0.6,326088
Laura Angeli,1604918.0,0.0,,0.6,326088
Nadine Raussiel,1604919.0,0.0,,0.6,326088
Antonio Spinnato,1604920.0,2.0,,0.6,326088
Laura De Benedittis,102166.0,1.0,,0.6,326088
David Calder,10779.0,2.0,Julius Caesar,3.162,465616
Michelle Fairley,20057.0,1.0,Caius Cassius,2.638,465616
David Morrissey,18616.0,2.0,Mark Antony,3.964,465616
Ben Whishaw,17064.0,2.0,Marcus Brutus,13.603,465616
Wendy Kweh,1229288.0,1.0,"Calpurnia, Caesar's Wife/Varro, Brutus' Army",0.6,465616
Leaphia Darko,2864248.0,1.0,"Portia, Brutus's Wife",0.6,465616
Fred Fergus,1890458.0,2.0,"Lucius, Brutus's Aide/Cinna, A Poet/Street Band",0.6,465616
Kit Young,2361755.0,2.0,"Octavius, Caesar's Heir/Street Band",1.435,465616
Mark Penfold,1190990.0,2.0,"Lepidus, Triumvirate/Caius Ligarius, Conspirator/Soothsayer",0.694,465616
Adjoa Andoh,109651.0,1.0,"Casca, Conspirator",2.378,465616
Nick Sampson,1205267.0,2.0,"Cinna, Conspirator",0.6,465616
Leila Farzad,2044882.0,1.0,"Decius Brutus, Conspirator",0.98,465616
Hannah Stokely,1906029.0,1.0,"Metellus Cimber, Conspirator",0.98,465616
Abraham Popoola,1432064.0,2.0,"Trebonius, Conspirator/Street Band",0.714,465616
Sid Sagar,1821649.0,2.0,"Flavius, Tribune / Popilius Lena, Senator",0.702,465616
Rosie Ede,1737976.0,1.0,"Marullus, Tribune/Artemidorus, Citizen",0.6,465616
Zachary Hart,2671425.0,2.0,"Philo, Octavius' Army / Claudius, Brutus' Army/Street Band",0.6,465616
Kheiron,1333461.0,2.0,Brutus,0.6,613370
Thierry Lhermitte,21177.0,2.0,Rufus,1.669,613370
Gérard Darmon,47337.0,2.0,Cassius,2.363,613370
Ramzy Bedia,67714.0,2.0,César,0.6,613370
Pierre Richard,24501.0,2.0,Alorix,2.79,613370
Reem Kherici,583687.0,1.0,Efna,2.323,613370
Artus,1562548.0,2.0,Spartacus,1.302,613370
Issa Doumbia,582045.0,2.0,Lucius,0.6,613370
Bérengère Krief,1179907.0,1.0,Erell,1.4,613370
Eye Haïdara,149989.0,1.0,Antonia,0.84,613370
Lina El Arabi,1686837.0,1.0,Albana,2.094,613370
Youssef Hajdi,458904.0,2.0,Vercingétorix,0.6,613370
Antoine Bertrand,90681.0,2.0,Medicus,0.983,613370
Pascal Demolon,1033622.0,2.0,Décimus,0.6,613370
Marc Zinga,578512.0,0.0,Claudius,2.149,613370
David Salles,130454.0,2.0,Publius,1.146,613370
Guillermo Guiz,1807069.0,0.0,Apius,0.6,613370
Jérémy Ferrari,1184761.0,2.0,Gaïus,0.828,613370
Hamza Boumalki,1796052.0,0.0,Le sentinelle,0.6,613370
Laura Laune,1562546.0,1.0,Aula,0.6,613370
Falou Niang,3227888.0,2.0,Gaulois balaise,0.6,613370
Sid James,40952.0,2.0,Marc Anton,1.341,5066
Kenneth Williams,40941.0,2.0,Caeser,1.03,5066
Jim Dale,40945.0,2.0,Horsa,1.932,5066
Amanda Barrie,40961.0,1.0,Cleopatra,0.6,5066
Joan Sims,40949.0,1.0,Calpurnia,1.62,5066
Kenneth Connor,40962.0,2.0,Hengist Pod,0.6,5066
Charles Hawtrey,40944.0,2.0,Seneca,1.413,5066
Julie Stevens,40963.0,1.0,Gloria,0.6,5066
Brian Oulton,40964.0,2.0,Brutus,0.6,5066
Michael Ward,30581.0,2.0,Archimedes,0.6,5066
Francis de Wolff,9899.0,2.0,Agrippa,3.376,5066
Victor Maddern,40965.0,2.0,Segeant-Major,1.219,5066
Sheila Hancock,93839.0,1.0,Senna Pod,1.4,5066
Jon Pertwee,40960.0,2.0,Soothsayer,1.4,5066
Wanda Ventham,100099.0,1.0,Pretty Bidder,2.053,5066
Ralph Fiennes,5469.0,2.0,Antony,14.371,533575
Sophie Okonedo,2598.0,1.0,Cleopatra,2.872,533575
Tim McMullan,15740.0,2.0,Enobarbus,1.605,533575
Tunji Kasim,1662006.0,0.0,Octavius Caesar,0.694,533575
Nicholas Le Prevost,183785.0,2.0,Lepidus,0.6,533575
Hannah Morrish,1875258.0,1.0,Octavia,0.6,533575
Sargon Yelda,1599247.0,2.0,Pompey,0.6,533575
Fisayo Akinade,1611987.0,2.0,Eros,1.581,533575
Gloria Obianyo,1982903.0,0.0,Charmian,1.4,533575
Georgia Landers,2631971.0,1.0,Iras,0.6,533575
Gerald Gyimah,2190321.0,0.0,Menas,0.6,533575
Sam Woolf,1794806.0,0.0,Thidias,0.6,533575
Waleed Hammad,2190322.0,0.0,Varrius,0.6,533575
Alexander Cobb,1430435.0,0.0,Scarus,0.6,533575
Hiba Elchikhe,2190319.0,0.0,Soothsayer,0.6,533575
Elizabeth Taylor,3635.0,1.0,Cleopatra,4.646,8095
Richard Burton,5341.0,2.0,Marcus Antonius,1.711,8095
Rex Harrison,35321.0,2.0,Julius Caesar,1.576,8095
Pamela Brown,53818.0,1.0,High Priestess,1.396,8095
George Cole,47722.0,2.0,Flavius,3.704,8095
Hume Cronyn,7668.0,2.0,Sosigenes,1.708,8095
Cesare Danova,2558.0,2.0,Apollodorus,3.17,8095
Kenneth Haigh,53817.0,2.0,Brutus,1.4,8095
Andrew Keir,53815.0,2.0,Agrippa,1.4,8095
Martin Landau,2641.0,2.0,Rufio,6.766,8095
Roddy McDowall,7505.0,2.0,Octavian - Caesar Augustus,6.567,8095
Robert Stephens,41957.0,2.0,Germanicus,2.678,8095
Francesca Annis,12513.0,1.0,Eiras,5.237,8095
Grégoire Aslan,53819.0,2.0,Pothinus,0.609,8095
Martin Benson,9912.0,2.0,Ramos,0.74,8095
John Doucette,34130.0,2.0,Achillas,0.652,8095
Michael Hordern,39741.0,2.0,Cicero,3.646,8095
John Hoyt,14508.0,2.0,Cassius,2.688,8095
Carroll O'Connor,26512.0,2.0,Casca,1.747,8095
Andrew Faulds,14823.0,2.0,Canidius,1.96,8095
Michael Gwynn,30705.0,2.0,Cimber,1.421,8095
Peter Grant,1138707.0,0.0,Palace Guard (uncredited),0.6,8095
Marne Maitland,67882.0,2.0,Euphranor,1.813,8095
Richard O'Sullivan,173020.0,2.0,Pharaoh Ptolemy XIII,2.406,8095
Gwen Watford,47478.0,1.0,Calpurnia,1.473,8095
Douglas Wilmer,89065.0,2.0,Decimus,1.289,8095
Marie Devereux,89901.0,1.0,Bacchanal Reveler,1.57,8095
Herbert Berghof,38253.0,2.0,Theodotos,1.4,8095
Jacqueline Chan,1391964.0,1.0,Lotos (as Jacqui Chan),0.6,8095
Isabel Cooley,166144.0,1.0,Charmian (as Isabelle Cooley),2.956,8095
Mike Steen,1590926.0,2.0,Minor Role (uncredited),1.4,8095
Finlay Currie,10027.0,2.0,Titus,1.4,8095
Rhonda Fleming,10160.0,1.0,Cleopatra,2.9,114771
William Lundigan,18805.0,2.0,Lucilius,1.96,114771
Raymond Burr,7685.0,2.0,Mark Antony,5.016,114771
Jean Byron,131281.0,1.0,Charmian,0.6,114771
Michael Ansara,16074.0,2.0,Captain Florus,2.445,114771
Michael Fox,51230.0,2.0,Octavius,1.513,114771
Conrad Wolfe,1059603.0,0.0,Elderly Assassin,1.38,114771
John Crawford,15693.0,2.0,Captain Domitius,2.091,114771
Jane Easton,1059604.0,0.0,Cytheris,1.22,114771
Robert Griffin,136126.0,2.0,Brutus,1.4,114771
Frederic Berest,1059605.0,0.0,Marculius,0.6,114771
Julie Newmar,15973.0,1.0,The Gilded Girl (as Julie Newmeyer),7.428,114771
Ted Hecht,135824.0,2.0,Serapian,1.62,114771
Totò,132190.0,2.0,Marc'Antonio / Totonno,2.164,81908
Magali Noël,5963.0,1.0,Cleopatra,1.4,81908
Moira Orfei,32379.0,1.0,Ottavia,1.096,81908
Franco Sportelli,235019.0,0.0,Enobarbo,1.38,81908
Lia Zoppelli,132192.0,1.0,Fulvia,0.6,81908
Gianni Agus,128141.0,0.0,Ottavio,1.22,81908
Toni Ucci,240665.0,2.0,Nasone,1.094,81908
Mario Castellani,132198.0,0.0,Il chirurgo cranico reale,1.4,81908
Carlo Delle Piane,94419.0,2.0,Cesarione,1.96,81908
Ignazio Dolce,31992.0,2.0,Apollodoro,0.6,81908
Adriana Facchetti,592632.0,0.0,Publia,0.6,81908
Pietro Carloni,132197.0,0.0,Lepido,0.999,81908
Dada Gallotti,31548.0,1.0,Carmiana,0.766,81908
Nadia Sanders,165525.0,1.0,Ancella Di Cleopatra,0.764,81908
Clive Wood,150814.0,2.0,Marc Antony,1.094,509606
Eve Best,201665.0,1.0,Cleopatra,2.045,509606
Jolyon Coy,1028292.0,0.0,Octavius Caesar,0.728,509606
James Hayes,27325.0,2.0,Lepidus,0.6,509606
Phil Daniels,65301.0,2.0,Enobarbus,1.646,509606
Sirine Saba,1819508.0,1.0,Charmian,0.6,509606
Rosie Hilal,1455692.0,1.0,Octavia,0.6,509606
Cameron Mitchell,44728.0,2.0,Tribune Marcus Ventidius,1.879,270673
Beba Lončar,94799.0,1.0,Helen,3.542,270673
Dieter Eppler,26245.0,2.0,Batone,0.732,270673
Gabriella Pallotta,25785.0,1.0,Julia,0.938,270673
Alex Gavin,1321452.0,0.0,Magdus,0.828,270673
Remo De Angelis,52999.0,2.0,Publius,1.4,270673
Peter Carsten,39854.0,2.0,,1.527,270673
Aleksandar Gavrić,51890.0,2.0,Batone,1.932,270673
Paul Windsor,1880881.0,0.0,Messala,0.6,270673
Beli Bolin,1880882.0,0.0,,0.6,270673
Vladimir Medar,98770.0,2.0,Magdo,1.253,270673
Colin Blakely,13329.0,2.0,Antony,1.4,106385
Jane Lapotaire,18021.0,1.0,Cleopatra,1.96,106385
Ian Charleson,11854.0,2.0,Octavius Caesar,0.84,106385
Esmond Knight,56875.0,2.0,Lepidus,2.112,106385
George Innes,26131.0,2.0,Menas,1.22,106385
Jonathan Adams,1137209.0,2.0,Ventidius,1.4,106385
John Paul,2053009.0,0.0,Canidius,0.6,106385
Darien Angadi,1226754.0,2.0,Alexas,0.84,106385
Janet Key,100298.0,1.0,Charmain,0.6,106385
Howard Goorney,30676.0,2.0,Soothsayer,0.6,106385
Cassie McFarlane,1147891.0,1.0,Iras,0.6,106385
Emrys James,202466.0,2.0,Enobarbus,0.6,106385
Kevin Huckstep,2579122.0,0.0,Messenger,0.6,106385
Michael Anthony,1136048.0,2.0,Messenger,0.98,106385
Mohammad Shamsi,14758.0,2.0,Mardian,0.6,106385
Harry Waters,202469.0,0.0,Thidias,0.6,106385
David Neal,1220359.0,2.0,Proculelus,0.968,106385
Anthony Pedley,26672.0,0.0,Agrippa,0.6,106385
Geoffrey Collins,1414482.0,0.0,Dolabella,0.6,106385
Donald Sumpter,20425.0,2.0,Pompeius,2.54,106385
Desmond Stokes,2579123.0,0.0,Menecrates,0.6,106385
Lynn Farleigh,1220072.0,1.0,Octavia,0.6,106385
David Kincaid,202470.0,2.0,Cleopatra's Messenger,0.6,106385
Simon Chandler,16273.0,2.0,Eros,1.012,106385
Pat Connell,2579124.0,2.0,Soldier,0.6,106385
Christopher Ettridge,25674.0,2.0,Scarus,1.38,106385
George Howe,1238979.0,0.0,Euphronius,0.84,106385
John Eastham,24735.0,0.0,Servant,0.6,106385
Iain Rattray,1498032.0,2.0,Soldier,0.6,106385
Frederick Warder,1705493.0,2.0,Soldier,0.6,106385
Michael Egan,2579125.0,0.0,Soldier,0.6,106385
Alec Sabin,1230676.0,2.0,Dercetas,0.6,106385
Jimmy Gardner,1244447.0,2.0,Clown,0.743,106385
Linda Cristal,94776.0,1.0,Cleopatra alias Berenice,2.618,168479
Ettore Manni,563809.0,2.0,Curridio,1.4,168479
Georges Marchal,9767.0,2.0,Marc' Antonio,1.932,168479
Conrado San Martín,98756.0,2.0,Gotarzo,0.6,168479
María Mahor,104065.0,1.0,Marianna,0.987,168479
Alfredo Mayo,100307.0,2.0,Ottaviano,0.6,168479
Daniela Rocca,83461.0,1.0,Teyrè,1.96,168479
Mino Doro,99514.0,2.0,Domiziano,1.03,168479
Andrea Aureli,142134.0,0.0,Imotio,0.6,168479
Salvatore Furnari,128244.0,0.0,Il nano,1.38,168479
Rafael Durán,231027.0,2.0,Sacerdote egiziano,1.4,168479
Juan Maján,1173689.0,0.0,Vezio,0.6,168479
Tomás Blanco,544572.0,2.0,Ovidio,1.38,168479
Mary Carrillo,54136.0,1.0,Iras,0.6,168479
Ángel Álvarez,37586.0,2.0,Slave Trader,0.6,168479
Coluche,11214.0,2.0,Ben-Hur Marcel / Aminemephet,1.111,49398
Michel Serrault,12270.0,2.0,Jules César,0.638,49398
Jean Yanne,24381.0,2.0,Paulus,0.84,49398
Françoise Fabian,9765.0,1.0,Laetitia,2.367,49398
Michel Auclair,9746.0,2.0,Consul Demetrius,0.735,49398
Mimi Coutelier,142224.0,1.0,Cléopâtre,0.98,49398
Darry Cowl,24807.0,2.0,Faucuius,1.4,49398
Paul Préboist,24500.0,2.0,Lion keeper,0.98,49398
Daniel Emilfork,13843.0,2.0,Tatouius,1.699,49398
André Pousse,218678.0,2.0,Centurion,0.84,49398
Michel Constantin,24495.0,2.0,Secutor Flavien Magister,0.6,49398
Philippe Clay,53776.0,2.0,Herald of the arena,0.6,49398
José Artur,1125195.0,2.0,Reginus,0.6,49398
Yves Mourousi,55919.0,2.0,News presenter,0.84,49398
Léon Zitrone,578332.0,2.0,Presenter of the circus games,0.731,49398
Valérie Mairesse,138814.0,1.0,Prostitute,2.042,49398
Jean-Pierre Dravel,1366716.0,2.0,Guardian,0.98,49398
Daniel Laloux,583549.0,2.0,Guardian,0.6,49398
Paul Mercey,54382.0,2.0,Merchant,1.4,49398
Moustache,38912.0,2.0,Emir,1.38,49398
Lionel Rocheman,2318628.0,2.0,Merchant,0.6,49398
Ibrahim Seck,384316.0,2.0,Merchant,0.6,49398
Michel Tugot-Doris,1497494.0,2.0,Guardian,0.6,49398
Maurice Vamby,1376960.0,2.0,Merchant,0.6,49398
Parviz Pourhosseini,1580772.0,2.0,Zechariah,0.6,321637
Mohammad Kasebi,1078081.0,2.0,Yasekar,1.533,321637
Hossein Yari,228097.0,2.0,Natan,0.999,321637
Jafar Dehghan,1719214.0,2.0,Herud,5.196,321637
Shabnam Gholikhani,1419325.0,1.0,Mary,2.213,321637
Maryam Razavi,2632071.0,0.0,Young Mary,0.6,321637
Zahra Saeidi,2673486.0,1.0,Hena,0.6,321637
Peter O'Toole,11390.0,2.0,Augustus Caesar,4.472,58933
Charlotte Rampling,44079.0,1.0,Livia Drusilla,6.524,58933
Vittoria Belvedere,27418.0,1.0,Julia Caesaris,1.566,58933
Benjamin Sadler,27419.0,2.0,"Gaius Octavius, the young Augustus",0.98,58933
Ken Duken,44651.0,2.0,Marcus Vipsanius Agrippa,2.458,58933
Russell Barr,3303.0,2.0,Gaius Maecenas,0.6,58933
Juan Diego Botto,36632.0,2.0,Iullus Antonius,6.528,58933
Martina Stella,72054.0,1.0,the young Livia,3.553,58933
Valeria D'Obici,103180.0,1.0,Atia,1.049,58933
Michele Bevilacqua,1008542.0,0.0,Tiberius,0.652,58933
Gottfried John,3757.0,2.0,Cicero,0.98,58933
Tobias Moretti,44567.0,2.0,Joseph,2.18,58441
Stefania Rivi,27430.0,1.0,Maria,1.532,58441
Ennio Fantastichini,27272.0,2.0,Herodes,1.96,58441
Francesco Dominedò,78671.0,0.0,Simon,1.62,58441
Ida Di Benedetto,45196.0,1.0,Elizabeth,0.656,58441
Imma Piro,147158.0,1.0,,0.6,58441
Franco Interlenghi,71140.0,2.0,,1.62,58441
Omar Lahlou,1275792.0,0.0,Judas,0.6,58441
Andrea Prodan,20440.0,2.0,Herodes Antipas,1.127,58441
Paolo De Crescenzo,2922169.0,0.0,Quirinus,0.6,58441
Massimo Reale,1281192.0,0.0,,0.6,58441
Mattia Sbragia,8772.0,2.0,,1.131,58441
Giovanni Micoli,2920914.0,0.0,,0.6,58441
Renato Scarpa,14149.0,2.0,,0.84,58441
Gabriele Tozzi,1457955.0,0.0,,0.6,58441
Ahmed Saguia,2702535.0,0.0,,0.6,58441
Housseine Deuiti,2922171.0,0.0,,0.6,58441
Naima Lovadni,2922172.0,0.0,,0.6,58441
Leila El Hayani,1875369.0,0.0,,0.6,58441
Omar Chenbod,2048387.0,0.0,,0.6,58441
Azalarrabe Karrat,2922173.0,0.0,,0.6,58441
Rafik Abubakar,2922174.0,0.0,,0.6,58441
M'Barek El Hammoudi,2922175.0,0.0,,0.6,58441
Mohamed Khachla,2922176.0,0.0,,0.6,58441
Mohamed Karrat,2218049.0,0.0,,0.6,58441
Sanae Moubtassin,2922177.0,0.0,,0.6,58441
Jurij Gentilini,2922178.0,0.0,Jesus at 11,0.6,58441
